"Species,C,254","TAXREF,N,10,0","NUMCBNA,N,10,0","G_SP_SUBSP,C,150","Valid_LIB,C,150"Abies_alba,79319,0,Abies alba,Abies_albaAcer_campestre,79734,0,Acer campestre,Acer_campestreAcer_monspessulanum,79763,0,Acer monspessulanum,Acer_monspessulanumAcer_opalus,79770,0,Acer opalus,Acer_opalusAcer_platanoides,79779,0,Acer platanoides,Acer_platanoidesAcer_pseudoplatanus,79783,0,Acer pseudoplatanus,Acer_pseudoplatanusAchillea_distans,79886,0,Achillea distans,Achillea_distansAchillea_millefolium,79908,0,Achillea millefolium,Achillea_millefoliumAchillea_nobilis,79914,0,Achillea nobilis,Achillea_nobilisAchillea_roseo,79923,0,Achillea roseo,Achillea_roseo-albaAchnatherum_calamagrostis,79970,0,Achnatherum calamagrostis,Achnatherum_calamagrostisAcinos_alpinus,91900,0,Acinos alpinus,Clinopodium_alpinumAconitum_anthora,80007,0,Aconitum anthora,Aconitum_anthoraAconitum_laeve,0,0,Aconitum laeve,Aconitum_variegatum,80066,0,Aconitum variegatum,Aconitum_variegatumActaea_spicata,80137,0,Actaea spicata,Actaea_spicataAdenostyles_alliariae,80183,0,Adenostyles alliariae,Adenostyles_alliariaeAdenostyles_alpina,80184,0,Adenostyles alpina,Adenostyles_alpinaAdenostyles_leucophylla,80190,0,Adenostyles leucophylla,Adenostyles_leucophyllaAdonis_aestivalis,80211,0,Adonis aestivalis,Adonis_aestivalisAdoxa_moschatellina,80243,0,Adoxa moschatellina,Adoxa_moschatellinaAegopodium_podagraria,80322,0,Aegopodium podagraria,Aegopodium_podagrariaAethionema_saxatile,80350,0,Aethionema saxatile,Aethionema_saxatileAethusa_cynapium,80358,0,Aethusa cynapium,Aethusa_cynapiumAgrestis_alpina,80564,0,Agrestis alpina,Agrostis_alpinaAgrestis_rupestris,80729,0,Agrestis rupestris,Agrostis_rupestrisAgrimonia_eupatoria,80410,0,Agrimonia eupatoria,Agrimonia_eupatoriaAgrostis_agrostiflora,80741,0,Agrostis agrostiflora,Agrostis_schraderianaAgrostis_capillaris,80591,0,Agrostis capillaris,Agrostis_capillarisAgrostis_stolonifera,80759,0,Agrostis stolonifera,Agrostis_stoloniferaAjuga_chamaepitys,80978,0,Ajuga chamaepitys,Ajuga_chamaepitysAjuga_genevensis,80980,0,Ajuga genevensis,Ajuga_genevensisAjuga_pyramidalis,80988,0,Ajuga pyramidalis,Ajuga_pyramidalisAjuga_reptans,80990,0,Ajuga reptans,Ajuga_reptansAlchemilla_alpina,81033,0,Alchemilla alpina,Alchemilla_alpinaAlchemilla_baltica,0,0,Alchemilla baltica,Alchemilla_conjuncta,81057,0,Alchemilla conjuncta,Alchemilla_conjunctaAlchemilla_connivens,81058,0,Alchemilla connivens,Alchemilla_connivensAlchemilla_fissa,81075,0,Alchemilla fissa,Alchemilla_fissaAlchemilla_flabellata,81076,0,Alchemilla flabellata,Alchemilla_flabellataAlchemilla_glabra,81088,0,Alchemilla glabra,Alchemilla_glabraAlchemilla_glaucescens,81091,0,Alchemilla glaucescens,Alchemilla_glaucescensAlchemilla_gracilis,81130,0,Alchemilla gracilis,Alchemilla_monticolaAlchemilla_incisa,81104,0,Alchemilla incisa,Alchemilla_incisaAlchemilla_monticola,81130,0,Alchemilla monticola,Alchemilla_monticolaAlchemilla,188940,0,Alchemilla,AlchemillaAlchemilla_pentaphyllea,81140,0,Alchemilla pentaphyllea,Alchemilla_pentaphylleaAlchemilla_plicata,81142,0,Alchemilla plicata,Alchemilla_plicataAlchemilla_saxatilis,81159,0,Alchemilla saxatilis,Alchemilla_saxatilisAlchemilla_subcrenata,81170,0,Alchemilla subcrenata,Alchemilla_subcrenataAlchemilla_transiens,81179,0,Alchemilla transiens,Alchemilla_transiensAlchemilla_xanthochlora,81195,0,Alchemilla xanthochlora,Alchemilla_xanthochloraAlisma_plantago_aquatica,81272,0,Alisma plantago aquatica,Alisma_plantago-aquaticaAlliaria_petiolata,81295,0,Alliaria petiolata,Alliaria_petiolataAllium_lineare,81522,0,Allium lineare,Allium_strictumAllium_oleraceum,81457,0,Allium oleraceum,Allium_oleraceumAllium_schoenoprasum,81508,0,Allium schoenoprasum,Allium_schoenoprasumAllium_scorodoprasum,81510,0,Allium scorodoprasum,Allium_scorodoprasumAllium_senescens,81423,0,Allium senescens,Allium_lusitanicumAllium_tauricum,0,0,Allium tauricum,Allium_ursinum,81541,0,Allium ursinum,Allium_ursinumAllium_victorialis,81543,0,Allium victorialis,Allium_victorialisAlnus_glutinosa,81569,0,Alnus glutinosa,Alnus_glutinosaAlnus_incana,81570,0,Alnus incana,Alnus_incanaAlnus_viridis,81563,0,Alnus viridis,Alnus_alnobetulaAlopecurus_magellanicus,0,0,Alopecurus magellanicus,Alopecurus_myosuroides,81648,0,Alopecurus myosuroides,Alopecurus_myosuroidesAlsinanthus_biflorus,83546,0,Alsinanthus biflorus,Arenaria_bifloraAlyssoides_utriculata,81875,0,Alyssoides utriculata,Alyssoides_utriculataAlyssum_alpestre,81876,0,Alyssum alpestre,Alyssum_alpestreAlyssum_alyssoides,81878,0,Alyssum alyssoides,Alyssum_alyssoidesAmelanchier_ovalis,82103,0,Amelanchier ovalis,Amelanchier_ovalisAmygdalus_communis,116068,0,Amygdalus communis,Prunus_dulcisAndrorchis_pallens,110945,0,Androrchis pallens,Orchis_pallensAndrosace_carnea,131362,0,Androsace carnea,Androsace_adfinis_subsp._puberulaAndrosace_helvetica,82504,0,Androsace helvetica,Androsace_helveticaAndrosace_maxima,82516,0,Androsace maxima,Androsace_maximaAndrosace_obtusifolia,82519,0,Androsace obtusifolia,Androsace_obtusifoliaAndrosace_vandellii,82542,0,Androsace vandellii,Androsace_vandelliiAndrosace_vitaliana,82545,0,Androsace vitaliana,Androsace_vitalianaAnemone_narcissiflora,608022,0,Anemone narcissiflora,Anemone_narcissifloraAnemonoides_baldensis,0,0,Anemonoides baldensis,Anemonoides_ranunculoides,82656,0,Anemonoides ranunculoides,Anemone_ranunculoidesAngelica_sylvestris,82738,0,Angelica sylvestris,Angelica_sylvestrisAntennaria_carpatica,82794,0,Antennaria carpatica,Antennaria_carpaticaAntennaria_dioica,82796,0,Antennaria dioica,Antennaria_dioicaAnthericum_liliago,82903,0,Anthericum liliago,Anthericum_liliagoAnthoxanthum_odoratum,82922,0,Anthoxanthum odoratum,Anthoxanthum_odoratumAnthriscus_sylvestris,82952,0,Anthriscus sylvestris,Anthriscus_sylvestrisAnthyllis_montana,82985,0,Anthyllis montana,Anthyllis_montanaAnthyllis_vulneraria,82999,0,Anthyllis vulneraria,Anthyllis_vulnerariaAntirrhinum_majus,83058,0,Antirrhinum majus,Antirrhinum_majusAquilegia_vulgaris,83267,0,Aquilegia vulgaris,Aquilegia_vulgarisArabidopsis_thaliana,83272,0,Arabidopsis thaliana,Arabidopsis_thalianaArabis_allionii,83276,0,Arabis allionii,Arabis_allioniiArabis_alpina,83299,0,Arabis alpina,Arabis_caucasicaArabis_auriculata,83285,0,Arabis auriculata,Arabis_auriculataArabis_caerulea,83296,0,Arabis caerulea,Arabis_caeruleaArabis_ciliata,83303,0,Arabis ciliata,Arabis_ciliataArabis_collina,83306,0,Arabis collina,Arabis_collinaArabis_hirsuta,143719,0,Arabis hirsuta,Arabis_ciliata_var._hirsutaArabis_nova,83359,0,Arabis nova,Arabis_novaArabis_sagittata,83398,0,Arabis sagittata,Arabis_sagittataArabis_soyeri,83409,0,Arabis soyeri,Arabis_soyeriArctium_minus,83502,0,Arctium minus,Arctium_minusArctium_nemorosum,83503,0,Arctium nemorosum,Arctium_nemorosumArctostaphylos_uva_ursi,83528,0,Arctostaphylos uva ursi,Arctostaphylos_uva-ursiArenaria_gothica,83582,0,Arenaria gothica,Arenaria_gothicaArenaria_serpyllifolia,83653,0,Arenaria serpyllifolia,Arenaria_serpyllifoliaAretia_pubescens,82529,0,Aretia pubescens,Androsace_pubescensArmeria_alpina,83808,0,Armeria alpina,Armeria_alpinaArmeria_arenaria,83809,0,Armeria arenaria,Armeria_arenariaArnica_montana,83874,0,Arnica montana,Arnica_montanaArrhenatherum_elatius,83912,0,Arrhenatherum elatius,Arrhenatherum_elatiusArrhenatherum_parlatorei,101114,0,Arrhenatherum parlatorei,Helictotrichon_parlatoreiArtemisia_absinthium,83933,0,Artemisia absinthium,Artemisia_absinthiumArtemisia_alba,83934,0,Artemisia alba,Artemisia_albaArtemisia_atrata,83945,0,Artemisia atrata,Artemisia_atrataArtemisia_campestris,83953,0,Artemisia campestris,Artemisia_campestrisArtemisia_genipi,83973,0,Artemisia genipi,Artemisia_genipiArtemisia_umbelliformis,84053,0,Artemisia umbelliformis,Artemisia_umbelliformisArtemisia_vulgaris,84061,0,Artemisia vulgaris,Artemisia_vulgarisArum_maculatum,84112,0,Arum maculatum,Arum_maculatumAruncus_dioicus,84135,0,Aruncus dioicus,Aruncus_dioicusAsarum_europaeum,84230,0,Asarum europaeum,Asarum_europaeumAsparagus_tenuifolius,84286,0,Asparagus tenuifolius,Asparagus_tenuifoliusAsperugo_procumbens,84290,0,Asperugo procumbens,Asperugo_procumbensAsperula_cynanchica,84306,0,Asperula cynanchica,Asperula_cynanchicaAsphodelus_albus,84338,0,Asphodelus albus,Asphodelus_albusAsphodelus_macrocarpus,84362,0,Asphodelus macrocarpus,Asphodelus_macrocarpusAsplenium_adiantum_nigrum,84458,0,Asplenium adiantum nigrum,Asplenium_adiantum-nigrumAsplenium_ceterach,84472,0,Asplenium ceterach,Asplenium_ceterachAsplenium_exiguum,0,0,Asplenium exiguum,Asplenium_ramosum,84540,0,Asplenium ramosum,Asplenium_virideAsplenium_ruta_muraria,84521,0,Asplenium ruta muraria,Asplenium_ruta-murariaAsplenium_septentrionale,84526,0,Asplenium septentrionale,Asplenium_septentrionaleAsplenium_trichomanes,84534,0,Asplenium trichomanes,Asplenium_trichomanesAsplenium_viride,84540,0,Asplenium viride,Asplenium_virideAster_alpinus,84622,0,Aster alpinus,Aster_alpinusAstragalus_alpinus,84792,0,Astragalus alpinus,Astragalus_alpinusAstragalus_australis,84800,0,Astragalus australis,Astragalus_australisAstragalus_austriacus,84801,0,Astragalus austriacus,Astragalus_austriacusAstragalus_cicer,84817,0,Astragalus cicer,Astragalus_cicerAstragalus_danicus,84828,0,Astragalus danicus,Astragalus_danicusAstragalus_depressus,84831,0,Astragalus depressus,Astragalus_depressusAstragalus_glycyphyllos,84843,0,Astragalus glycyphyllos,Astragalus_glycyphyllosAstragalus_monspessulanus,84869,0,Astragalus monspessulanus,Astragalus_monspessulanusAstragalus_onobrychis,84876,0,Astragalus onobrychis,Astragalus_onobrychisAstragalus_penduliflorus,84882,0,Astragalus penduliflorus,Astragalus_penduliflorusAstragalus_sempervirens,84897,0,Astragalus sempervirens,Astragalus_sempervirensAstragalus_stella,84904,0,Astragalus stella,Astragalus_stellaAstragalus_vesicarius,84920,0,Astragalus vesicarius,Astragalus_vesicariusAstrantia_major,131932,0,Astrantia major,Astrantia_major_subsp._involucrataAthamanta_cretensis,84962,0,Athamanta cretensis,Athamanta_cretensisAthyrium_alpestre,84998,0,Athyrium alpestre,Athyrium_distentifoliumAthyrium_filix_femina,84999,0,Athyrium filix femina,Athyrium_filix-feminaAtocion_rupestre,717731,0,Atocion rupestre,Atocion_rupestreAtragene_alpina,91853,0,Atragene alpina,Clematis_alpinaAtropa_belladonna,85152,0,Atropa belladonna,Atropa_belladonnaAucuba,189644,0,Aucuba,AucubaBarbarea_intermedia,85536,0,Barbarea intermedia,Barbarea_intermediaBarbarea_vulgaris,761965,0,Barbarea vulgaris,Barbarea_vulgarisBartsia_alpina,85602,0,Bartsia alpina,Bartsia_alpinaBellardiochloa_variegata,85705,0,Bellardiochloa variegata,Bellardiochloa_variegataBellidiastrum_michelii,85720,0,Bellidiastrum michelii,Bellidiastrum_micheliiBerardia_subacaulis,85759,0,Berardia subacaulis,Berardia_lanuginosaBerberis_vulgaris,85774,0,Berberis vulgaris,Berberis_vulgarisBetonica_officinalis,85852,0,Betonica officinalis,Betonica_officinalisBetula_pendula,85903,0,Betula pendula,Betula_pendulaBetula_pubescens,85904,0,Betula pubescens,Betula_pubescensBiscutella_laevigata,86045,0,Biscutella laevigata,Biscutella_laevigataBistorta_officinalis,86081,0,Bistorta officinalis,Bistorta_officinalisBistorta_vivipara,86082,0,Bistorta vivipara,Bistorta_viviparaBitteria_digitata,0,0,Bitteria digitata,Blackstonia_perfoliata,86087,0,Blackstonia perfoliata,Blackstonia_perfoliataBlechnum_spicant,86101,0,Blechnum spicant,Blechnum_spicantBlysmus_compressus,86124,0,Blysmus compressus,Blysmus_compressusBombycilaena_erecta,86136,0,Bombycilaena erecta,Bombycilaena_erectaBothriochloa_ischaemum,86169,0,Bothriochloa ischaemum,Bothriochloa_ischaemumBotrychium_lunaria,86183,0,Botrychium lunaria,Botrychium_lunariaBotrychium,189979,0,Botrychium,BotrychiumBrachypodium_pinnatum,86289,0,Brachypodium pinnatum,Brachypodium_pinnatumBrachypodium_rupestre,86301,0,Brachypodium rupestre,Brachypodium_rupestreBrachypodium_sylvaticum,86305,0,Brachypodium sylvaticum,Brachypodium_sylvaticumBrassica_repanda,86429,0,Brassica repanda,Brassica_repandaBriza_media,86490,0,Briza media,Briza_mediaBromus_benekenii,86511,0,Bromus benekenii,Bromopsis_benekeniiBromus_erectus,86512,0,Bromus erectus,Bromopsis_erectaBromus_hordeaceus,132264,0,Bromus hordeaceus,Bromus_hordeaceus_subsp._thomineiBromus_inermis,86513,0,Bromus inermis,Bromopsis_inermisBromus_squarrosus,86761,0,Bromus squarrosus,Bromus_squarrosusBromus_sterilis,82757,0,Bromus sterilis,Anisantha_sterilisBromus_tectorum,82758,0,Bromus tectorum,Anisantha_tectorumBryonia_cretica,159572,0,Bryonia cretica,Bryonia_creticaBuddleja_davidii,86869,0,Buddleja davidii,Buddleja_davidiiBuglossoides_arvensis,86890,0,Buglossoides arvensis,Buglossoides_arvensisBuglossoides_incrassata,610662,0,Buglossoides incrassata,Buglossoides_incrassataBunias_orientalis,86975,0,Bunias orientalis,Bunias_orientalisBunium_bulbocastanum,86983,0,Bunium bulbocastanum,Bunium_bulbocastanumBuphthalmum_salicifolium,87009,0,Buphthalmum salicifolium,Buphthalmum_salicifoliumBupleurum_falcatum,87044,0,Bupleurum falcatum,Bupleurum_falcatumBupleurum_petraeum,87082,0,Bupleurum petraeum,Bupleurum_petraeumBupleurum_ranunculoides,87091,0,Bupleurum ranunculoides,Bupleurum_ranunculoidesBupleurum_rotundifolium,87095,0,Bupleurum rotundifolium,Bupleurum_rotundifoliumBupleurum_stellatum,87100,0,Bupleurum stellatum,Bupleurum_stellatumBuxus_sempervirens,87143,0,Buxus sempervirens,Buxus_sempervirensCacalia_alliariae,80183,0,Cacalia alliariae,Adenostyles_alliariaeCacalia_alpina,80184,0,Cacalia alpina,Adenostyles_alpinaCacalia_leucophylla,80190,0,Cacalia leucophylla,Adenostyles_leucophyllaCalamagrostis_epigejos,87227,0,Calamagrostis epigejos,Calamagrostis_epigejosCalamagrostis_pseudophragmites,87269,0,Calamagrostis pseudophragmites,Calamagrostis_phragmitoidesCalamagrostis_schraderiana,80741,0,Calamagrostis schraderiana,Agrostis_schraderianaCalamagrostis_varia,87296,0,Calamagrostis varia,Calamagrostis_variaCalamagrostis_villosa,87299,0,Calamagrostis villosa,Calamagrostis_villosaCalathiana_bavarica,99866,0,Calathiana bavarica,Gentiana_bavaricaCalathiana_brachyphylla,99870,0,Calathiana brachyphylla,Gentiana_brachyphyllaCalathiana_orbicularis,99914,0,Calathiana orbicularis,Gentiana_orbicularisCalathiana_verna,99953,0,Calathiana verna,Gentiana_vernaCallianthemum_coriandrifolium,87453,0,Callianthemum coriandrifolium,Callianthemum_coriandrifoliumCalluna_vulgaris,87501,0,Calluna vulgaris,Calluna_vulgarisCaltha_palustris,87540,0,Caltha palustris,Caltha_palustrisCalystegia_sepium,92353,0,Calystegia sepium,Convolvulus_sepiumCamelina_microcarpa,87577,0,Camelina microcarpa,Camelina_microcarpaCampanula_alpestris,87604,0,Campanula alpestris,Campanula_alpestrisCampanula_cenisia,87604,0,Campanula cenisia,Campanula_alpestrisCampanula_glomerata,87652,0,Campanula glomerata,Campanula_glomerataCampanula_latifolia,87666,0,Campanula latifolia,Campanula_latifoliaCampanula_linifolia,87733,0,Campanula linifolia,Campanula_stenocodonCampanula,190272,0,Campanula,CampanulaCampanula_patula,87690,0,Campanula patula,Campanula_patulaCampanula_persicifolia,87693,0,Campanula persicifolia,Campanula_persicifoliaCampanula_rapunculoides,87711,0,Campanula rapunculoides,Campanula_rapunculoidesCampanula_rhomboidalis,87716,0,Campanula rhomboidalis,Campanula_rhomboidalisCampanula_rotundifolia,87720,0,Campanula rotundifolia,Campanula_rotundifoliaCampanula_spicata,132482,0,Campanula spicata,Campanula_glomerata_subsp._glomerataCampanula_trachelium,87742,0,Campanula trachelium,Campanula_tracheliumCapsella_bursa_pastoris,87849,0,Capsella bursa pastoris,Capsella_bursa-pastorisCardamine_alpina,87891,0,Cardamine alpina,Cardamine_alpinaCardamine_bellidifolia,83402,0,Cardamine bellidifolia,Arabis_scabraCardamine_heptaphylla,87925,0,Cardamine heptaphylla,Cardamine_heptaphyllaCardamine_hirsuta,87915,0,Cardamine hirsuta,Cardamine_flexuosaCardamine_impatiens,87933,0,Cardamine impatiens,Cardamine_impatiensCardamine_pentaphyllos,87961,0,Cardamine pentaphyllos,Cardamine_pentaphyllosCardamine_resedifolia,87970,0,Cardamine resedifolia,Cardamine_resedifoliaCarduus_acanthoides,88207,0,Carduus acanthoides,Carduus_tenuiflorusCarduus_carlinifolius,132592,0,Carduus carlinifolius,Carduus_defloratus_subsp._carlinifoliusCarduus_defloratus,88108,0,Carduus defloratus,Carduus_defloratusCarduus_medius,132595,0,Carduus medius,Carduus_defloratus_subsp._mediusCarduus_nutans,88167,0,Carduus nutans,Carduus_nutansCarduus_personata,88178,0,Carduus personata,Carduus_personataCarex_acutiformis,88571,0,Carex acutiformis,Carex_hispidaCarex_alba,88324,0,Carex alba,Carex_albaCarex_atrata,88359,0,Carex atrata,Carex_atrataCarex_bicolor,88380,0,Carex bicolor,Carex_bicolorCarex_capillaris,88905,0,Carex capillaris,Carex_sylvaticaCarex_caryophyllea,88691,0,Carex caryophyllea,Carex_montanaCarex_cespitosa,88720,0,Carex cespitosa,Carex_nigraCarex_chillanensis,88720,0,Carex chillanensis,Carex_nigraCarex_davalliana,88459,0,Carex davalliana,Carex_davallianaCarex_digitata,88470,0,Carex digitata,Carex_digitataCarex_echinata,88571,0,Carex echinata,Carex_hispidaCarex_ferruginea,88504,0,Carex ferruginea,Carex_ferrugineaCarex_flacca,88510,0,Carex flacca,Carex_flaccaCarex_flava,88511,0,Carex flava,Carex_flavaCarex_foetida,88515,0,Carex foetida,Carex_foetidaCarex_frigida,88519,0,Carex frigida,Carex_frigidaCarex_hirta,88569,0,Carex hirta,Carex_hirtaCarex_hordeistichos,88576,0,Carex hordeistichos,Carex_hordeistichosCarex_hostiana,88578,0,Carex hostiana,Carex_hostianaCarex_humilis,88582,0,Carex humilis,Carex_humilisCarex_liparocarpos,88637,0,Carex liparocarpos,Carex_liparocarposCarex_macloviana,0,0,Carex macloviana,Carex_montana,88691,0,Carex montana,Carex_montanaCarex_muricata,88489,0,Carex muricata,Carex_echinataCarex,190355,0,Carex,CarexCarex_pallescens,88747,0,Carex pallescens,Carex_pallescensCarex_panicea,88752,0,Carex panicea,Carex_paniceaCarex_planostachys,0,0,Carex planostachys,Carex_rostrata,88840,0,Carex rostrata,Carex_rostrataCarex_rupestris,88845,0,Carex rupestris,Carex_rupestrisCarex_spicata,88885,0,Carex spicata,Carex_spicataCarex_sylvatica,88905,0,Carex sylvatica,Carex_sylvaticaCarex_vesicaria,88942,0,Carex vesicaria,Carex_vesicariaCarex_viridula,88949,0,Carex viridula,Carex_viridulaCarex_vulpina,88952,0,Carex vulpina,Carex_vulpinaCarlina_acanthifolia,89145,0,Carlina acanthifolia,Carlina_acanthifoliaCarlina_acaulis,89147,0,Carlina acaulis,Carlina_acaulisCarlina_biebersteinii,89149,0,Carlina biebersteinii,Carlina_biebersteiniiCarlina_vulgaris,89180,0,Carlina vulgaris,Carlina_vulgarisCarum_carvi,89250,0,Carum carvi,Carum_carviCassida_alpina,122062,0,Cassida alpina,Scutellaria_alpinaCatananche_caerulea,89330,0,Catananche caerulea,Catananche_caeruleaCaucalis_platycarpos,89415,0,Caucalis platycarpos,Caucalis_platycarposCedrus_atlantica,89452,0,Cedrus atlantica,Cedrus_atlanticaCentaurea_jacea,89619,0,Centaurea jacea,Centaurea_jaceaCentaurea,190443,0,Centaurea,CentaureaCentaurea_scabiosa,89697,0,Centaurea scabiosa,Centaurea_scabiosaCentaurea_solstitialis,89710,0,Centaurea solstitialis,Centaurea_solstitialisCentaurea_stoebe,89716,0,Centaurea stoebe,Centaurea_stoebeCentaurea_uniflora,89730,0,Centaurea uniflora,Centaurea_unifloraCentaurium_erythraea,89840,0,Centaurium erythraea,Centaurium_erythraeaCentranthus_angustifolius,89880,0,Centranthus angustifolius,Centranthus_angustifoliusCentranthus_calcitrapae,89881,0,Centranthus calcitrapae,Centranthus_calcitrapaeCephalanthera_damasonium,89920,0,Cephalanthera damasonium,Cephalanthera_damasoniumCephalanthera_longifolia,89926,0,Cephalanthera longifolia,Cephalanthera_longifoliaCephalaria_alpina,89936,0,Cephalaria alpina,Cephalaria_alpinaCerastium_alpinum,89960,0,Cerastium alpinum,Cerastium_alpinumCerastium_arvense,89968,0,Cerastium arvense,Cerastium_arvenseCerastium_cerastoides,89986,0,Cerastium cerastoides,Cerastium_cerastoidesCerastium_fontanum,90008,0,Cerastium fontanum,Cerastium_fontanumCerastium_latifolium,90042,0,Cerastium latifolium,Cerastium_latifoliumCerastium_pedunculatum,90071,0,Cerastium pedunculatum,Cerastium_pedunculatumCerastium_pumilum,90076,0,Cerastium pumilum,Cerastium_pumilumCerastium_semidecandrum,90091,0,Cerastium semidecandrum,Cerastium_semidecandrumCerastium_uniflorum,90116,0,Cerastium uniflorum,Cerastium_uniflorumCerasus_avium,116043,0,Cerasus avium,Prunus_aviumCerinthe_glabra,90251,0,Cerinthe glabra,Cerinthe_glabraCerinthe_minor,90259,0,Cerinthe minor,Cerinthe_minorChaenorhinum_rubrifolium,0,0,Chaenorhinum rubrifolium,Chaenorrhinum_minus,90316,0,Chaenorrhinum minus,Chaenorrhinum_minusChaerophyllum_aureum,90328,0,Chaerophyllum aureum,Chaerophyllum_aureumChaerophyllum_temulum,90356,0,Chaerophyllum temulum,Chaerophyllum_temulumChaerophyllum_villarsii,90359,0,Chaerophyllum villarsii,Chaerophyllum_villarsiiChamaedrys_montana,126008,0,Chamaedrys montana,Teucrium_montanumChamaenerion_montanum,96208,0,Chamaenerion montanum,Epilobium_montanumChamerion_dodonaei,96163,0,Chamerion dodonaei,Epilobium_dodonaeiChamorchis_alpina,90561,0,Chamorchis alpina,Chamorchis_alpinaChara_Linnaeus,0,0,Chara Linnaeus,Chelidonium_majus,90669,0,Chelidonium majus,Chelidonium_majusChenopodium_album,90681,0,Chenopodium album,Chenopodium_albumChenopodium_bonus_henricus,86107,0,Chenopodium bonus henricus,Blitum_bonus-henricusChondrilla_juncea,90954,0,Chondrilla juncea,Chondrilla_junceaChrysosplenium_alternifolium,91118,0,Chrysosplenium alternifolium,Chrysosplenium_alternifoliumCichorium_intybus,91169,0,Cichorium intybus,Cichorium_intybusCirsium_acaule,621080,0,Cirsium acaule,Cirsium_acaulonCirsium_arvense,91289,0,Cirsium arvense,Cirsium_arvenseCirsium_eriophorum,91327,0,Cirsium eriophorum,Cirsium_eriophorumCirsium_monspessulanum,91369,0,Cirsium monspessulanum,Cirsium_monspessulanumCirsium,190854,0,Cirsium,CirsiumCirsium_palustre,91382,0,Cirsium palustre,Cirsium_palustreCirsium_spinosissimum,91410,0,Cirsium spinosissimum,Cirsium_spinosissimumCirsium_vulgare,91430,0,Cirsium vulgare,Cirsium_vulgareCladium_mariscus,91823,0,Cladium mariscus,Cladium_mariscusClematis_vitalba,91886,0,Clematis vitalba,Clematis_vitalbaClinopodium_acinos,91898,0,Clinopodium acinos,Clinopodium_acinosClinopodium_alpinum,91900,0,Clinopodium alpinum,Clinopodium_alpinumClinopodium_grandiflorum,91904,0,Clinopodium grandiflorum,Clinopodium_grandiflorumClinopodium_nepeta,91910,0,Clinopodium nepeta,Clinopodium_nepetaClinopodium_vulgare,91912,0,Clinopodium vulgare,Clinopodium_vulgareCoincya_monensis,92106,0,Coincya monensis,Coincya_monensisCoincya_richeri,92107,0,Coincya richeri,Coincya_richeriColchicum_alpinum,92124,0,Colchicum alpinum,Colchicum_alpinumColchicum_autumnale,92127,0,Colchicum autumnale,Colchicum_autumnaleColutea_arborescens,92196,0,Colutea arborescens,Colutea_arborescensCompl_ment_flore,0,0,Compl ment flore,Consolida_regalis,94572,0,Consolida regalis,Delphinium_consolidaConvallaria_majalis,92282,0,Convallaria majalis,Convallaria_majalisConvolvulus_arvensis,92302,0,Convolvulus arvensis,Convolvulus_arvensisConyza_canadensis,96749,0,Conyza canadensis,Erigeron_canadensisCorallorhiza_trifida,92421,0,Corallorhiza trifida,Corallorhiza_trifidaCoristospermum_ferulaceum,92486,0,Coristospermum ferulaceum,Coristospermum_ferulaceumCormus_domestica,124319,0,Cormus domestica,Sorbus_domesticaCoronilla_minima,92527,0,Coronilla minima,Coronilla_minimaCoronilla_vaginalis,92543,0,Coronilla vaginalis,Coronilla_vaginalisCorydalis_intermedia,92589,0,Corydalis intermedia,Corydalis_intermediaCorydalis_solida,92594,0,Corydalis solida,Corydalis_solidaCorylus_avellana,92606,0,Corylus avellana,Corylus_avellanaCotoneaster_integerrimus,92667,0,Cotoneaster integerrimus,Cotoneaster_integerrimusCotoneaster,191211,0,Cotoneaster,CotoneasterCotoneaster_tomentosus,92710,0,Cotoneaster tomentosus,Cotoneaster_tomentosusCrataegus_laevigata,92864,0,Crataegus laevigata,Crataegus_laevigataCrataegus_monogyna,92876,0,Crataegus monogyna,Crataegus_monogynaCrepis_aurea,93004,0,Crepis aurea,Crepis_aureaCrepis_biennis,93015,0,Crepis biennis,Crepis_biennisCrepis_conyzifolia,93027,0,Crepis conyzifolia,Crepis_conyzifoliaCrepis_foetida,93045,0,Crepis foetida,Crepis_foetidaCrepis_nicaeensis,93097,0,Crepis nicaeensis,Crepis_nicaeensisCrepis_paludosa,93101,0,Crepis paludosa,Crepis_paludosaCrepis_pontana,611105,0,Crepis pontana,Crepis_pontanaCrepis_pygmaea,93115,0,Crepis pygmaea,Crepis_pygmaeaCrepis_pyrenaica,93116,0,Crepis pyrenaica,Crepis_pyrenaicaCrepis_vesicaria,93157,0,Crepis vesicaria,Crepis_vesicariaCrocus_vernus,93223,0,Crocus vernus,Crocus_flavusCruciata_glabra,93307,0,Cruciata glabra,Cruciata_glabraCruciata_laevipes,93308,0,Cruciata laevipes,Cruciata_laevipesCrupina_vulgaris,93449,0,Crupina vulgaris,Crupina_vulgarisCryptogramma_crispa,93469,0,Cryptogramma crispa,Cryptogramma_crispaCucubalus_baccifer,123401,0,Cucubalus baccifer,Silene_bacciferaCuscuta_epilinum,93620,0,Cuscuta epilinum,Cuscuta_epilinumCuscuta_epithymum,93621,0,Cuscuta epithymum,Cuscuta_epithymumCuscuta_europaea,93623,0,Cuscuta europaea,Cuscuta_europaeaCuscuta_planiflora,93640,0,Cuscuta planiflora,Cuscuta_planifloraCyanus_montanus,93673,0,Cyanus montanus,Cyanus_montanusCyanus_segetum,93680,0,Cyanus segetum,Cyanus_segetumCynoglossum_officinale,93840,0,Cynoglossum officinale,Cynoglossum_officinaleCynosurus_cristatus,93860,0,Cynosurus cristatus,Cynosurus_cristatusCypripedium_calceolus,94041,0,Cypripedium calceolus,Cypripedium_calceolusCystopteris_dickieana,94063,0,Cystopteris dickieana,Cystopteris_dickieanaCystopteris_fragilis,94066,0,Cystopteris fragilis,Cystopteris_fragilisCytisophyllum_sessilifolium,94092,0,Cytisophyllum sessilifolium,Cytisophyllum_sessilifoliumDactylis_glomerata,94207,0,Dactylis glomerata,Dactylis_glomerataDactylorhiza_fuchsii,94257,0,Dactylorhiza fuchsii,Dactylorhiza_fuchsiiDactylorhiza_incarnata,94259,0,Dactylorhiza incarnata,Dactylorhiza_incarnataDactylorhiza_lapponica,133707,0,Dactylorhiza lapponica,Dactylorhiza_traunsteineri_subsp._lapponicaDactylorhiza_maculata,94266,0,Dactylorhiza maculata,Dactylorhiza_maculataDactylorhiza_majalis,94267,0,Dactylorhiza majalis,Dactylorhiza_majalisDactylorhiza_sambucina,94279,0,Dactylorhiza sambucina,Dactylorhiza_sambucinaDactylorhiza_viridis,94289,0,Dactylorhiza viridis,Dactylorhiza_viridisDanthonia_decumbens,94402,0,Danthonia decumbens,Danthonia_decumbensDaphne_alpina,94411,0,Daphne alpina,Daphne_alpinaDaphne_cneorum,94423,0,Daphne cneorum,Daphne_cneorumDaphne_laureola,94432,0,Daphne laureola,Daphne_laureolaDaphne_mezereum,94435,0,Daphne mezereum,Daphne_mezereumDasistepha_asclepiadea,0,0,Dasistepha asclepiadea,Daucus_carota,94503,0,Daucus carota,Daucus_carotaDeschampsia_cespitosa,94626,0,Deschampsia cespitosa,Deschampsia_cespitosaDeschampsia_flexuosa,85418,0,Deschampsia flexuosa,Avenella_flexuosaDescurainia_sophia,94645,0,Descurainia sophia,Descurainia_sophiaDescurainia_tanacetifolia,94646,0,Descurainia tanacetifolia,Descurainia_tanacetifoliaDianthus_carthusianorum,94716,0,Dianthus carthusianorum,Dianthus_carthusianorumDianthus_caryophyllus,94717,0,Dianthus caryophyllus,Dianthus_caryophyllusDianthus_deltoides,94728,0,Dianthus deltoides,Dianthus_deltoidesDianthus_hyssopifolius,94765,0,Dianthus hyssopifolius,Dianthus_hyssopifoliusDianthus_pavonius,94793,0,Dianthus pavonius,Dianthus_pavoniusDiaphyllum_longifolium,87068,0,Diaphyllum longifolium,Bupleurum_longifoliumDigitalis_grandiflora,94942,0,Digitalis grandiflora,Digitalis_grandifloraDigitalis_lutea,94945,0,Digitalis lutea,Digitalis_luteaDioscorea_communis,611652,0,Dioscorea communis,Dioscorea_communisDittrichia_graveolens,95186,0,Dittrichia graveolens,Dittrichia_graveolensDoronicum_grandiflorum,95225,0,Doronicum grandiflorum,Doronicum_grandiflorumDoronicum_pardalianches,95239,0,Doronicum pardalianches,Doronicum_pardalianchesDorycnium_pentaphyllum,95279,0,Dorycnium pentaphyllum,Dorycnium_pentaphyllumDraba_aizoides,95289,0,Draba aizoides,Draba_aizoidesDraba_dubia,95312,0,Draba dubia,Draba_dubiaDraba_fladnizensis,95313,0,Draba fladnizensis,Draba_fladnizensisDraba_siliquosa,95356,0,Draba siliquosa,Draba_siliquosaDraba_verna,95372,0,Draba verna,Draba_vernaDracocephalum_ruyschiana,95407,0,Dracocephalum ruyschiana,Dracocephalum_ruyschianaDrosera_rotundifolia,95442,0,Drosera rotundifolia,Drosera_rotundifoliaDryas_octopetala,95461,0,Dryas octopetala,Dryas_octopetalaDryopteris_dilatata,95563,0,Dryopteris dilatata,Dryopteris_dilatataDryopteris_expansa,95566,0,Dryopteris expansa,Dryopteris_expansaDryopteris_filix_mas,95567,0,Dryopteris filix mas,Dryopteris_filix-masDryopteris_mindshelkensis,0,0,Dryopteris mindshelkensis,Echinops_ritro,95709,0,Echinops ritro,Echinops_ritroEchinops_sphaerocephalus,95713,0,Echinops sphaerocephalus,Echinops_sphaerocephalusEchium_vulgare,95793,0,Echium vulgare,Echium_vulgareEdritria_ferruginea,88504,0,Edritria ferruginea,Carex_ferrugineaEleocharis_macrostachya,134060,0,Eleocharis macrostachya,Eleocharis_palustris_subsp._palustrisEleocharis_mamillata,95914,0,Eleocharis mamillata,Eleocharis_mamillataEleocharis_quinqueflora,95927,0,Eleocharis quinqueflora,Eleocharis_quinquefloraEleocharis_uniglumis,95933,0,Eleocharis uniglumis,Eleocharis_uniglumisElymus_caninus,95992,0,Elymus caninus,Elymus_caninusElymus,192124,0,Elymus,ElymusElymus_repens,96046,0,Elymus repens,Elytrigia_repensElytrigia_intermedia,96034,0,Elytrigia intermedia,Elytrigia_intermediaEmpetrum_nigrum,96069,0,Empetrum nigrum,Empetrum_nigrumEpilobium_alpestre,96127,0,Epilobium alpestre,Epilobium_alpestreEpilobium_alsinifolium,96130,0,Epilobium alsinifolium,Epilobium_alsinifoliumEpilobium_anagallidifolium,96134,0,Epilobium anagallidifolium,Epilobium_anagallidifoliumEpilobium_angustifolium,96136,0,Epilobium angustifolium,Epilobium_angustifoliumEpilobium_collinum,96150,0,Epilobium collinum,Epilobium_collinumEpilobium_hirsutum,96180,0,Epilobium hirsutum,Epilobium_hirsutumEpilobium_palustre,96226,0,Epilobium palustre,Epilobium_palustreEpilobium_parviflorum,96229,0,Epilobium parviflorum,Epilobium_parviflorumEpipactis_atrorubens,96432,0,Epipactis atrorubens,Epipactis_atrorubensEpipactis_helleborine,96447,0,Epipactis helleborine,Epipactis_helleborineEpipactis_palustris,96465,0,Epipactis palustris,Epipactis_palustrisEpipogium_aphyllum,96499,0,Epipogium aphyllum,Epipogium_aphyllumEquisetum_arvense,96508,0,Equisetum arvense,Equisetum_arvenseEquisetum_fluviatile,96546,0,Equisetum fluviatile,Equisetum_telmateiaEquisetum_hyemale,96523,0,Equisetum hyemale,Equisetum_hyemaleEquisetum,192258,0,Equisetum,EquisetumEquisetum_palustre,96534,0,Equisetum palustre,Equisetum_palustreEquisetum_variegatum,762284,0,Equisetum variegatum,Equisetum_variegatumErigeron_acer,611688,0,Erigeron acer,Erigeron_acrisErigeron_acris,611688,0,Erigeron acris,Erigeron_acrisErigeron_annuus,96739,0,Erigeron annuus,Erigeron_annuusErigeron_gaudinii,96805,0,Erigeron gaudinii,Erigeron_schleicheriErigeron_glabratus,96761,0,Erigeron glabratus,Erigeron_glabratusErigeron,192282,0,Erigeron,ErigeronErigeron_neglectus,96790,0,Erigeron neglectus,Erigeron_neglectusErigeron_uniflorus,96816,0,Erigeron uniflorus,Erigeron_uniflorusErinus_alpinus,96834,0,Erinus alpinus,Erinus_alpinusEriophorum_angustifolium,96844,0,Eriophorum angustifolium,Eriophorum_angustifoliumEriophorum_latifolium,96852,0,Eriophorum latifolium,Eriophorum_latifoliumEriophorum_scheuchzeri,96859,0,Eriophorum scheuchzeri,Eriophorum_scheuchzeriEritrichium_nanum,96872,0,Eritrichium nanum,Eritrichium_nanumErodium_cicutarium,96895,0,Erodium cicutarium,Erodium_cicutariumErucastrum_nasturtiifolium,97072,0,Erucastrum nasturtiifolium,Erucastrum_nasturtiifoliumEryngium_alpinum,97133,0,Eryngium alpinum,Eryngium_alpinumEryngium_campestre,97141,0,Eryngium campestre,Eryngium_campestreErysimum_jugicola,97222,0,Erysimum jugicola,Erysimum_jugicolaErysimum_nevadense,159654,0,Erysimum nevadense,Erysimum_nevadenseErysimum_ochroleucum,134301,0,Erysimum ochroleucum,Erysimum_duriaei_subsp._pyrenaicumErysimum_rhaeticum,97258,0,Erysimum rhaeticum,Erysimum_rhaeticumErysimum_virgatum,97277,0,Erysimum virgatum,Erysimum_virgatumEuonymus_europaeus,609982,0,Euonymus europaeus,Euonymus_europaeusEuonymus_latifolius,609983,0,Euonymus latifolius,Euonymus_latifoliusEupatorium_cannabinum,97434,0,Eupatorium cannabinum,Eupatorium_cannabinumEuphorbia_brittingeri,134387,0,Euphorbia brittingeri,Euphorbia_flavicoma_subsp._verrucosaEuphorbia_cyparissias,97490,0,Euphorbia cyparissias,Euphorbia_cyparissiasEuphorbia_exigua,97511,0,Euphorbia exigua,Euphorbia_exiguaEuphorbia_helioscopia,97537,0,Euphorbia helioscopia,Euphorbia_helioscopiaEuphrasia_alpina,97725,0,Euphrasia alpina,Euphrasia_alpinaEuphrasia_drosocalyx,153160,0,Euphrasia drosocalyx,Euphrasia_minima_f._drosocalyxEuphrasia_hirtella,97759,0,Euphrasia hirtella,Euphrasia_hirtellaEuphrasia_kerneri,134460,0,Euphrasia kerneri,Euphrasia_picta_subsp._kerneriEuphrasia_minima,97772,0,Euphrasia minima,Euphrasia_minimaEuphrasia_pectinata,97784,0,Euphrasia pectinata,Euphrasia_pectinataEuphrasia_salisburgensis,97804,0,Euphrasia salisburgensis,Euphrasia_salisburgensisEuphrasia_stricta,97811,0,Euphrasia stricta,Euphrasia_strictaFagus_sylvatica,97947,0,Fagus sylvatica,Fagus_sylvaticaFallopia_convolvulus,97962,0,Fallopia convolvulus,Fallopia_convolvulusFallopia_japonica,117503,0,Fallopia japonica,Reynoutria_japonicaFestuca_acuminata,98039,0,Festuca acuminata,Festuca_acuminataFestuca_altissima,95463,0,Festuca altissima,Drymochloa_sylvaticaFestuca_arundinacea,717533,0,Festuca arundinacea,Schedonorus_arundinaceusFestuca_chalcophaea,0,0,Festuca chalcophaea,Festuca_flavescens,98232,0,Festuca flavescens,Festuca_flavescensFestuca_gigantea,121471,0,Festuca gigantea,Schedonorus_giganteusFestuca_halleri,98272,0,Festuca halleri,Festuca_halleriFestuca_heterophylla,98280,0,Festuca heterophylla,Festuca_heterophyllaFestuca_laevigata,134548,0,Festuca laevigata,Festuca_laevigata_subsp._laevigataFestuca_melanopsis,98370,0,Festuca melanopsis,Festuca_melanopsisFestuca_ovina,98425,0,Festuca ovina,Festuca_ovinaFestuca_pratensis,121479,0,Festuca pratensis,Schedonorus_pratensisFestuca_quadriflora,98477,0,Festuca quadriflora,Festuca_pumilaFestuca_rubra,98512,0,Festuca rubra,Festuca_rubraFestuca_valesiaca,98596,0,Festuca valesiaca,Festuca_valesiacaFilago_arvensis,98669,0,Filago arvensis,Filago_arvensisFilipendula_ulmaria,98717,0,Filipendula ulmaria,Filipendula_ulmariaFilipendula_vulgaris,98718,0,Filipendula vulgaris,Filipendula_vulgarisFourraea_alpina,98787,0,Fourraea alpina,Fourraea_alpinaFragaria_vesca,98865,0,Fragaria vesca,Fragaria_vescaFrangula,192619,0,Frangula,FrangulaFraxinus_excelsior,98921,0,Fraxinus excelsior,Fraxinus_excelsiorFumana_procumbens,99028,0,Fumana procumbens,Fumana_procumbensGagea_liotardii,99180,0,Gagea liotardii,Gagea_fragiferaGagea_nakaiana,0,0,Gagea nakaiana,Galeopsis_ladanum,99305,0,Galeopsis ladanum,Galeopsis_ladanumGaleopsis_tetrahit,99334,0,Galeopsis tetrahit,Galeopsis_tetrahitGalium_aparine,99373,0,Galium aparine,Galium_aparineGalium_boreale,99390,0,Galium boreale,Galium_borealeGalium_commune,99402,0,Galium commune,Galium_corrudifolium,99406,0,Galium corrudifolium,Galium_corrudifoliumGalium_glaucum,99429,0,Galium glaucum,Galium_glaucumGalium_lucidum,99457,0,Galium lucidum,Galium_lucidumGalium_megalospermum,99465,0,Galium megalospermum,Galium_megalospermumGalium_mollugo,99473,0,Galium mollugo,Galium_mollugoGalium_odoratum,99488,0,Galium odoratum,Galium_odoratumGalium_palustre,99494,0,Galium palustre,Galium_palustreGalium_pseudohelveticum,99507,0,Galium pseudohelveticum,Galium_pseudohelveticumGalium_pumilum,99511,0,Galium pumilum,Galium_pumilumGalium_rotundifolium,99518,0,Galium rotundifolium,Galium_rotundifoliumGalium_rubrum,84319,0,Galium rubrum,Asperula_purpureaGalium_sylvaticum,99552,0,Galium sylvaticum,Galium_sylvaticumGalium_verum,99582,0,Galium verum,Galium_verumGamochaeta_norvegica,0,0,Gamochaeta norvegica,Gamochaeta_sylvatica,100516,0,Gamochaeta sylvatica,Gnaphalium_sylvaticumGenista_cinerea,99735,0,Genista cinerea,Genista_cinereaGenista_pilosa,99798,0,Genista pilosa,Genista_pilosaGenistella_sagittalis,99810,0,Genistella sagittalis,Genista_sagittalisGentiana_acaulis,99854,0,Gentiana acaulis,Gentiana_acaulisGentiana_cruciata,99881,0,Gentiana cruciata,Gentiana_cruciataGentiana_nivalis,99910,0,Gentiana nivalis,Gentiana_nivalisGentiana_pneumonanthe,99922,0,Gentiana pneumonanthe,Gentiana_pneumonantheGentiana_verna,99953,0,Gentiana verna,Gentiana_vernaGentianella_campestris,99982,0,Gentianella campestris,Gentianella_campestrisGentianella_tenella,92220,0,Gentianella tenella,Comastoma_tenellumGentianopsis_ciliata,99994,0,Gentianopsis ciliata,Gentianopsis_ciliataGentianusa_lutea,99903,0,Gentianusa lutea,Gentiana_luteaGentianusa_punctata,99928,0,Gentianusa punctata,Gentiana_punctataGeranium_argenteum,100024,0,Geranium argenteum,Geranium_argenteumGeranium_columbinum,100045,0,Geranium columbinum,Geranium_columbinumGeranium_lucidum,100085,0,Geranium lucidum,Geranium_lucidumGeranium_molle,100133,0,Geranium molle,Geranium_pusillumGeranium_nodosum,100109,0,Geranium nodosum,Geranium_nodosumGeranium_phaeum,100120,0,Geranium phaeum,Geranium_phaeumGeranium_pyrenaicum,100136,0,Geranium pyrenaicum,Geranium_pyrenaicumGeranium_rivulare,100141,0,Geranium rivulare,Geranium_rivulareGeranium_robertianum,100142,0,Geranium robertianum,Geranium_robertianumGeranium_rotundifolium,100144,0,Geranium rotundifolium,Geranium_rotundifoliumGeranium_sanguineum,100149,0,Geranium sanguineum,Geranium_sanguineumGeranium_sylvaticum,100160,0,Geranium sylvaticum,Geranium_sylvaticumGeum_reptans,100214,0,Geum reptans,Geum_reptansGeum_rivale,100215,0,Geum rivale,Geum_rivaleGeum_urbanum,100225,0,Geum urbanum,Geum_urbanumGlechoma_hederacea,100310,0,Glechoma hederacea,Glechoma_hederaceaGlechoma_nepetella,109533,0,Glechoma nepetella,Nepeta_nepetellaGlobularia_bisnagarica,100338,0,Globularia bisnagarica,Globularia_bisnagaricaGlobularia_cordifolia,100340,0,Globularia cordifolia,Globularia_cordifoliaGlyceria_fluitans,100387,0,Glyceria fluitans,Glyceria_fluitansGlyceria_notata,100398,0,Glyceria notata,Glyceria_notataGnaphalium_hoppeanum,100470,0,Gnaphalium hoppeanum,Gnaphalium_hoppeanumGnaphalium_supinum,100515,0,Gnaphalium supinum,Gnaphalium_supinumGoodyera_repens,100551,0,Goodyera repens,Goodyera_repensGymnadenia_conopsea,100607,0,Gymnadenia conopsea,Gymnadenia_conopseaGymnadenia_nigra,100613,0,Gymnadenia nigra,Gymnadenia_nigraGymnocarpium_dryopteris,100636,0,Gymnocarpium dryopteris,Gymnocarpium_dryopterisGymnocarpium_robertianum,100640,0,Gymnocarpium robertianum,Gymnocarpium_robertianumGypsophila_repens,100686,0,Gypsophila repens,Gypsophila_repensHedera_helix,100787,0,Hedera helix,Hedera_helixHedysarum_hedysaroides,100839,0,Hedysarum hedysaroides,Hedysarum_hedysaroidesHelianthemum_apenninum,100896,0,Helianthemum apenninum,Helianthemum_apenninumHelianthemum_grandiflorum,100925,0,Helianthemum grandiflorum,Helianthemum_grandiflorumHelianthemum_nummularium,100956,0,Helianthemum nummularium,Helianthemum_nummulariumHelianthemum_oelandicum,100936,0,Helianthemum oelandicum,Helianthemum_italicumHelictotrichon_pratense,717224,0,Helictotrichon pratense,Helictochloa_pratensisHelictotrichon_pubescens,85439,0,Helictotrichon pubescens,Avenula_pubescensHelictotrichon_sedenense,101121,0,Helictotrichon sedenense,Helictotrichon_sedenenseHelictotrichon_sempervirens,101122,0,Helictotrichon sempervirens,Helictotrichon_sempervirensHelictotrichon_versicolor,717225,0,Helictotrichon versicolor,Helictochloa_versicolorHelleborus_foetidus,101188,0,Helleborus foetidus,Helleborus_foetidusHepatica_nobilis,82620,0,Hepatica nobilis,Anemone_hepaticaHeracleum_sphondylium,101300,0,Heracleum sphondylium,Heracleum_sphondyliumHerniaria_alpina,101394,0,Herniaria alpina,Herniaria_alpinaHerniaria_hirsuta,101412,0,Herniaria hirsuta,Herniaria_hirsutaHerniaria_incana,101414,0,Herniaria incana,Herniaria_incanaHerorchis_morio,82285,0,Herorchis morio,Anacamptis_morioHieracium_alpinum,101610,0,Hieracium alpinum,Hieracium_alpinumHieracium_amplexicaule,101617,0,Hieracium amplexicaule,Hieracium_amplexicauleHieracium_antarcticum,0,0,Hieracium antarcticum,Hieracium_argillaceum,101641,0,Hieracium argillaceum,Hieracium_argillaceumHieracium_aurantiacum,113508,0,Hieracium aurantiacum,Pilosella_aurantiacaHieracium_bifidum,101711,0,Hieracium bifidum,Hieracium_bifidumHieracium_cymosum,113515,0,Hieracium cymosum,Pilosella_cymosaHieracium_diaphanoides,101901,0,Hieracium diaphanoides,Hieracium_diaphanoidesHieracium_glaucinum,102017,0,Hieracium glaucinum,Hieracium_glaucinumHieracium_intybaceum,102078,0,Hieracium intybaceum,Hieracium_intybaceumHieracium_inuloides,102083,0,Hieracium inuloides,Hieracium_juranum,161684,0,Hieracium juranum,Hieracium_jurassicumHieracium_lachenalii,102106,0,Hieracium lachenalii,Hieracium_lachenaliiHieracium_lactucella,113522,0,Hieracium lactucella,Pilosella_lactucellaHieracium_lawsonii,102139,0,Hieracium lawsonii,Hieracium_lawsoniiHieracium_murorum,102235,0,Hieracium murorum,Hieracium_murorumHieracium,193276,0,Hieracium,HieraciumHieracium_niphobium,717378,0,Hieracium niphobium,Pilosella_corymbuloidesHieracium_piliferum,102350,0,Hieracium piliferum,Hieracium_piliferumHieracium_pilosella,113525,0,Hieracium pilosella,Pilosella_officinarumHieracium_piloselloides,113529,0,Hieracium piloselloides,Pilosella_piloselloidesHieracium_pilosum,102356,0,Hieracium pilosum,Hieracium_praealtum,718274,0,Hieracium praealtum,Pilosella_piloselloides_subsp._praealtaHieracium_prenanthoides,102392,0,Hieracium prenanthoides,Hieracium_prenanthoidesHieracium_sabaudum,102483,0,Hieracium sabaudum,Hieracium_sabaudumHieracium_schmidtii,102515,0,Hieracium schmidtii,Hieracium_schmidtiiHieracium_umbellatum,102671,0,Hieracium umbellatum,Hieracium_umbellatumHieracium_umbrosum,102674,0,Hieracium umbrosum,Hieracium_umbrosumHieracium_valdepilosum,102680,0,Hieracium valdepilosum,Hieracium_valdepilosumHieracium_villosum,102701,0,Hieracium villosum,Hieracium_villosumHimantoglossum_hircinum,102797,0,Himantoglossum hircinum,Himantoglossum_hircinumHippocrepis_comosa,102842,0,Hippocrepis comosa,Hippocrepis_comosaHippocrepis_emerus,102845,0,Hippocrepis emerus,Hippocrepis_emerusHippophae_rhamnoides,102863,0,Hippophae rhamnoides,Hippophae_rhamnoidesHolcus_lanatus,102900,0,Holcus lanatus,Holcus_lanatusHolosteum_umbellatum,102921,0,Holosteum umbellatum,Holosteum_umbellatumHomogyne_alpina,102925,0,Homogyne alpina,Homogyne_alpinaHordelymus_europaeus,102934,0,Hordelymus europaeus,Hordelymus_europaeusHordeum_marinum,102968,0,Hordeum marinum,Hordeum_marinumHornungia_alpina,103018,0,Hornungia alpina,Hornungia_alpinaHumulus_lupulus,103031,0,Humulus lupulus,Humulus_lupulusHuperzia_selago,103034,0,Huperzia selago,Huperzia_selagoHylotelephium,606916,0,Hylotelephium,HylotelephiumHylotelephium_telephium,103162,0,Hylotelephium telephium,Hylotelephium_telephiumHyoscyamus_niger,103185,0,Hyoscyamus niger,Hyoscyamus_nigerHypericum_hirsutum,103287,0,Hypericum hirsutum,Hypericum_hirsutumHypericum_maculatum,103298,0,Hypericum maculatum,Hypericum_maculatumHypericum_montanum,103301,0,Hypericum montanum,Hypericum_montanumHypericum_perforatum,103316,0,Hypericum perforatum,Hypericum_perforatumHypericum_richeri,103324,0,Hypericum richeri,Hypericum_richeriHypochaeris_maculata,103369,0,Hypochaeris maculata,Hypochaeris_maculataHypochaeris_radicata,103375,0,Hypochaeris radicata,Hypochaeris_radicataHyssopus_officinalis,103406,0,Hyssopus officinalis,Hyssopus_officinalisIberis_pinnata,103478,0,Iberis pinnata,Iberis_pinnataIlex_aquifolium,103514,0,Ilex aquifolium,Ilex_aquifoliumImpatiens_glandulifera,103547,0,Impatiens glandulifera,Impatiens_glanduliferaImperatoria_ostruthium,103578,0,Imperatoria ostruthium,Imperatoria_ostruthiumInula_conyza,103608,0,Inula conyza,Inula_conyzaInula_montana,103639,0,Inula montana,Inula_montanaIsatis_tinctoria,103817,0,Isatis tinctoria,Isatis_tinctoriaIxoca_pusilla,101131,0,Ixoca pusilla,Heliosperma_pusillumJacobaea_incana,610642,0,Jacobaea incana,Jacobaea_incanaJasione_montana,104022,0,Jasione montana,Jasione_montanaJonorchis_abortiva,106026,0,Jonorchis abortiva,Limodorum_abortivumJuglans_nigra,104074,0,Juglans nigra,Juglans_nigraJuglans_regia,104076,0,Juglans regia,Juglans_regiaJuncus_alpinoarticulatus,104111,0,Juncus alpinoarticulatus,Juncus_alpinoarticulatusJuncus_arcticus,104123,0,Juncus arcticus,Juncus_arcticusJuncus_articulatus,104126,0,Juncus articulatus,Juncus_articulatusJuncus_bufonius,104144,0,Juncus bufonius,Juncus_bufoniusJuncus_compressus,104155,0,Juncus compressus,Juncus_compressusJuncus_effusus,104173,0,Juncus effusus,Juncus_effususJuncus_filiformis,104183,0,Juncus filiformis,Juncus_filiformisJuncus_inflexus,104214,0,Juncus inflexus,Juncus_inflexusJuncus_jacquini,104221,0,Juncus jacquini,Juncus_jacquiniiJuncus_trifidus,104362,0,Juncus trifidus,Juncus_trifidusJuncus_triglumis,104363,0,Juncus triglumis,Juncus_triglumisJuniperus_communis,104397,0,Juniperus communis,Juniperus_communisJuniperus_sabina,104413,0,Juniperus sabina,Juniperus_sabinaJuniperus_sibirica,136974,0,Juniperus sibirica,Juniperus_communis_subsp._nanaKernera_saxatilis,104488,0,Kernera saxatilis,Kernera_saxatilisKnautia_arvensis,104516,0,Knautia arvensis,Knautia_arvensisKnautia_dipsacifolia,104528,0,Knautia dipsacifolia,Knautia_dipsacifoliaKnautia,193734,0,Knautia,KnautiaKobresia_curvula,0,0,Kobresia curvula,Kobresia_myosuroides,88708,0,Kobresia myosuroides,Carex_myosuroidesKoeleria_cenisia,104613,0,Koeleria cenisia,Koeleria_cenisiaKoeleria_pyramidata,104665,0,Koeleria pyramidata,Koeleria_pyramidataKoeleria_vallesiana,104680,0,Koeleria vallesiana,Koeleria_vallesianaLaburnum_alpinum,104715,0,Laburnum alpinum,Laburnum_alpinumLaburnum_anagyroides,104716,0,Laburnum anagyroides,Laburnum_anagyroidesLactuca_alpina,104734,0,Lactuca alpina,Lactuca_alpinaLactuca_muralis,610995,0,Lactuca muralis,Lactuca_muralisLactuca_perennis,104764,0,Lactuca perennis,Lactuca_perennisLactuca_serriola,104775,0,Lactuca serriola,Lactuca_serriolaLamium_amplexicaule,104855,0,Lamium amplexicaule,Lamium_amplexicauleLamium_garganicum,104877,0,Lamium garganicum,Lamium_garganicumLamium_maculatum,104889,0,Lamium maculatum,Lamium_maculatumLamium_purpureum,104903,0,Lamium purpureum,Lamium_purpureumLappula_squarrosa,105010,0,Lappula squarrosa,Lappula_squarrosaLapsana_communis,105017,0,Lapsana communis,Lapsana_communisLarix_decidua,105042,0,Larix decidua,Larix_deciduaLaserpitium_gallicum,105071,0,Laserpitium gallicum,Laserpitium_gallicumLaserpitium_halleri,105074,0,Laserpitium halleri,Laserpitium_halleriLaserpitium_latifolium,105076,0,Laserpitium latifolium,Laserpitium_latifoliumLaserpitium_siler,105092,0,Laserpitium siler,Laserpitium_silerLathyrus_latifolius,105211,0,Lathyrus latifolius,Lathyrus_latifoliusLathyrus_linifolius,105214,0,Lathyrus linifolius,Lathyrus_linifoliusLathyrus_ochraceus,611009,0,Lathyrus ochraceus,Lathyrus_ochraceusLathyrus_pratensis,105247,0,Lathyrus pratensis,Lathyrus_pratensisLathyrus_sphaericus,105261,0,Lathyrus sphaericus,Lathyrus_sphaericusLathyrus_sylvestris,105266,0,Lathyrus sylvestris,Lathyrus_sylvestrisLathyrus_vernus,105280,0,Lathyrus vernus,Lathyrus_vernusLavandula_angustifolia,105297,0,Lavandula angustifolia,Lavandula_angustifoliaLeontodon_autumnalis,121988,0,Leontodon autumnalis,Scorzoneroides_autumnalisLeontodon_crispus,105490,0,Leontodon crispus,Leontodon_crispusLeontodon_hirtus,105500,0,Leontodon hirtus,Leontodon_hirtusLeontodon_hispidus,105502,0,Leontodon hispidus,Leontodon_hispidusLeontodon,193954,0,Leontodon,LeontodonLeontodon_pyrenaicus,611356,0,Leontodon pyrenaicus,Scorzoneroides_pyrenaicaLeontopodium_brachyactis,0,0,Leontopodium brachyactis,Leontopodium,193955,0,Leontopodium,LeontopodiumLerouxia_nemorum,107072,0,Lerouxia nemorum,Lysimachia_nemorumLeucanthemopsis_alpina,105765,0,Leucanthemopsis alpina,Leucanthemopsis_alpinaLeucanthemum_adustum,105768,0,Leucanthemum adustum,Leucanthemum_adustumLeucanthemum_atratum,105772,0,Leucanthemum atratum,Leucanthemum,194069,0,Leucanthemum,LeucanthemumLeucanthemum_pallens,105807,0,Leucanthemum pallens,Leucanthemum_pallensLeucanthemum_vulgare,105817,0,Leucanthemum vulgare,Leucanthemum_vulgareLigustrum_vulgare,105966,0,Ligustrum vulgare,Ligustrum_vulgareLilium_bulbiferum,105979,0,Lilium bulbiferum,Lilium_bulbiferumLilium_martagon,105989,0,Lilium martagon,Lilium_martagonLimodorum_rubrum,89928,0,Limodorum rubrum,Cephalanthera_rubraLinaria_alpina,106144,0,Linaria alpina,Linaria_alpinaLinaria_angustissima,106148,0,Linaria angustissima,Linaria_angustissimaLinaria_repens,106213,0,Linaria repens,Linaria_repensLinaria_simplex,106220,0,Linaria simplex,Linaria_simplexLinum_alpinum,106275,0,Linum alpinum,Linum_alpinumLinum_catharticum,106288,0,Linum catharticum,Linum_catharticumLinum_suffruticosum,106344,0,Linum suffruticosum,Linum_suffruticosumLinum_tenuifolium,137388,0,Linum tenuifolium,Linum_usitatissimum_subsp._angustifoliumListera_nidus_avis,0,0,Listera nidus avis,Listera_ovata,109507,0,Listera ovata,Neottia_ovataLithospermum_officinale,106396,0,Lithospermum officinale,Lithospermum_officinaleLloydia_serotina,99202,0,Lloydia serotina,Gagea_serotinaLolium_perenne,106499,0,Lolium perenne,Lolium_perenneLomelosia_graminifolia,106534,0,Lomelosia graminifolia,Lomelosia_graminifoliaLonicera_caerulea,106555,0,Lonicera caerulea,Lonicera_caeruleaLonicera_etrusca,106565,0,Lonicera etrusca,Lonicera_etruscaLonicera_nigra,106574,0,Lonicera nigra,Lonicera_nigraLonicera_webbiana,0,0,Lonicera webbiana,Lonicera_xylosteum,106595,0,Lonicera xylosteum,Lonicera_xylosteumLoroglossum_anthropophorum,110801,0,Loroglossum anthropophorum,Orchis_anthropophoraLotus_alpinus,137438,0,Lotus alpinus,Lotus_corniculatus_subsp._alpinusLotus_corniculatus,106653,0,Lotus corniculatus,Lotus_corniculatusLotus_delortii,137441,0,Lotus delortii,Lotus_corniculatus_subsp._delortiiLunaria_annua,106754,0,Lunaria annua,Lunaria_annuaLunaria_rediviva,106761,0,Lunaria rediviva,Lunaria_redivivaLuzula_alpinopilosa,106813,0,Luzula alpinopilosa,Luzula_alpinopilosaLuzula_campestris,106818,0,Luzula campestris,Luzula_campestrisLuzula_lutea,106838,0,Luzula lutea,Luzula_luteaLuzula_luzulina,106839,0,Luzula luzulina,Luzula_luzulinaLuzula_maxima,106863,0,Luzula maxima,Luzula_sylvaticaLuzula_multiflora,106842,0,Luzula multiflora,Luzula_multifloraLuzula_nivea,106846,0,Luzula nivea,Luzula_niveaLuzula_nutans,106853,0,Luzula nutans,Luzula_pediformisLuzula_spicata,106859,0,Luzula spicata,Luzula_spicataLuzula_sudetica,106861,0,Luzula sudetica,Luzula_sudeticaLuzula_sylvatica,106863,0,Luzula sylvatica,Luzula_sylvaticaLycopus_europaeus,107038,0,Lycopus europaeus,Lycopus_europaeusLysimachia_arvensis,610909,0,Lysimachia arvensis,Lysimachia_arvensisLysimachia_vulgaris,107090,0,Lysimachia vulgaris,Lysimachia_vulgarisLythrum_salicaria,107117,0,Lythrum salicaria,Lythrum_salicariaMacrosyringion_glutinosum,107132,0,Macrosyringion glutinosum,Macrosyringion_glutinosumMaianthemum_bifolium,107158,0,Maianthemum bifolium,Maianthemum_bifoliumMalus_domestica,107207,0,Malus domestica,Malus_domesticaMalus_sylvestris,107217,0,Malus sylvestris,Malus_sylvestrisMalva_alcea,107224,0,Malva alcea,Malva_alceaMalva_moschata,107282,0,Malva moschata,Malva_moschataMatricaria_matricarioides,107446,0,Matricaria matricarioides,Matricaria_discoideaMedicago_lupulina,107649,0,Medicago lupulina,Medicago_lupulinaMedicago_minima,107658,0,Medicago minima,Medicago_minimaMedicago_sativa,107711,0,Medicago sativa,Medicago_sativaMelampyrum,194542,0,Melampyrum,MelampyrumMelampyrum_sylvaticum,107800,0,Melampyrum sylvaticum,Melampyrum_sylvaticumMelica_ciliata,107851,0,Melica ciliata,Melica_ciliataMelica_nutans,107871,0,Melica nutans,Melica_nutansMelica_uniflora,107880,0,Melica uniflora,Melica_unifloraMelilotus_albus,107886,0,Melilotus albus,Melilotus_albusMelilotus_officinalis,788839,0,Melilotus officinalis,Trigonella_officinalisMelittis_melissophyllum,108003,0,Melittis melissophyllum,Melittis_melissophyllumMentha_aquatica,108027,0,Mentha aquatica,Mentha_aquaticaMentha_arvensis,108029,0,Mentha arvensis,Mentha_arvensisMentha_longifolia,108103,0,Mentha longifolia,Mentha_longifoliaMerendera_verna,92132,0,Merendera verna,Colchicum_bulbocodiumMeum_athamanticum,108454,0,Meum athamanticum,Meum_athamanticumMicranthes_stellaris,717310,0,Micranthes stellaris,Micranthes_stellarisMicrothlaspi_perfoliatum,108522,0,Microthlaspi perfoliatum,Microthlaspi_perfoliatumMilium_effusum,108537,0,Milium effusum,Milium_effusumMinuartia_laricifolia,108602,0,Minuartia laricifolia,Minuartia_laricifoliaMinuartia_oreina,0,0,Minuartia oreina,Minuartia_rostrata,108613,0,Minuartia rostrata,Minuartia_rostrataMinuartia_rupestris,108615,0,Minuartia rupestris,Minuartia_rupestrisMinuartia_sedoides,108616,0,Minuartia sedoides,Minuartia_sedoidesMinuartia_verna,108621,0,Minuartia verna,Minuartia_vernaMinuartia_villarii,108622,0,Minuartia villarii,Minuartia_villariiMoehringia_muscosa,119780,0,Moehringia muscosa,Sagina_apetalaMoehringia_trinervia,108698,0,Moehringia trinervia,Moehringia_trinerviaMolinia_caerulea,108718,0,Molinia caerulea,Molinia_caeruleaMoneses_uniflora,108755,0,Moneses uniflora,Moneses_unifloraMonotropa_hypopitys,108770,0,Monotropa hypopitys,Monotropa_hypopitysMurbeckiella_pinnatifida,108863,0,Murbeckiella pinnatifida,Murbeckiella_pinnatifidaMuscari_comosum,108874,0,Muscari comosum,Muscari_comosumMuscari_neglectum,108898,0,Muscari neglectum,Muscari_neglectumMutellina_adonidifolia,610917,0,Mutellina adonidifolia,Mutellina_adonidifoliaMyosotis_alpestris,109104,0,Myosotis alpestris,Myosotis_sylvaticaMyosotis_arvensis,108996,0,Myosotis arvensis,Myosotis_arvensisMyosotis_corsicana,109013,0,Myosotis corsicana,Myosotis_corsicanaMyosotis_decumbens,109015,0,Myosotis decumbens,Myosotis_decumbensMyosotis,195001,0,Myosotis,MyosotisMyosotis_ramosissima,109084,0,Myosotis ramosissima,Myosotis_ramosissimaMyosotis_stricta,109102,0,Myosotis stricta,Myosotis_strictaMyricaria_germanica,109135,0,Myricaria germanica,Myricaria_germanicaNarcissus_poeticus,109291,0,Narcissus poeticus,Narcissus_poeticusNardus_stricta,109366,0,Nardus stricta,Nardus_strictaNasturtium_officinale,109422,0,Nasturtium officinale,Nasturtium_officinaleNeotinea_ustulata,109501,0,Neotinea ustulata,Neotinea_ustulataNepeta_nuda,109534,0,Nepeta nuda,Nepeta_nudaNoccaea_caerulescens,109671,0,Noccaea caerulescens,Noccaea_caerulescensNoccaea_rotundifolia,109680,0,Noccaea rotundifolia,Noccaea_rotundifoliaOdontites,195360,0,Odontites,OdontitesOmalotheca,192858,0,Omalotheca,GnaphaliumOnobrychis_saxatilis,110129,0,Onobrychis saxatilis,Onobrychis_saxatilisOnobrychis_viciifolia,110139,0,Onobrychis viciifolia,Onobrychis_viciifoliaOnonis_arvensis,110165,0,Ononis arvensis,Ononis_arvensisOnonis_cristata,110181,0,Ononis cristata,Ononis_cristataOnonis_fruticosa,110190,0,Ononis fruticosa,Ononis_fruticosaOnonis_natrix,110211,0,Ononis natrix,Ononis_natrixOnonis_pusilla,110221,0,Ononis pusilla,Ononis_pusillaOnonis_rotundifolia,110230,0,Ononis rotundifolia,Ononis_rotundifoliaOphioglossum_vulgatum,110313,0,Ophioglossum vulgatum,Ophioglossum_vulgatumOphrys_fuciflora,110392,0,Ophrys fuciflora,Ophrys_fucifloraOphrys_insectifera,110410,0,Ophrys insectifera,Ophrys_insectiferaOphrys_sphegodes,110335,0,Ophrys sphegodes,Ophrys_apiferaOrchis_mascula,110914,0,Orchis mascula,Orchis_masculaOrchis_militaris,110920,0,Orchis militaris,Orchis_militarisOrchis_purpurea,110966,0,Orchis purpurea,Orchis_purpureaOrchites_globosa,127117,0,Orchites globosa,Traunsteinera_globosaOreoselinum_nigrum,111250,0,Oreoselinum nigrum,Oreoselinum_nigrumOriganum_vulgare,111289,0,Origanum vulgare,Origanum_vulgareOrlaya_grandiflora,111297,0,Orlaya grandiflora,Orlaya_grandifloraOrnithogalum_umbellatum,111391,0,Ornithogalum umbellatum,Ornithogalum_umbellatumOrobanche_caryophyllacea,111494,0,Orobanche caryophyllacea,Orobanche_caryophyllaceaOrobanche_laserpitii,0,0,Orobanche laserpitii,Orobanche_major,111532,0,Orobanche major,Orobanche_elatiorOrobanche,195540,0,Orobanche,OrobancheOrobanche_purpurea,113099,0,Orobanche purpurea,Phelipanche_purpureaOrobanche_teucrii,111686,0,Orobanche teucrii,Orobanche_teucriiOrthantha_lutea,109838,0,Orthantha lutea,Odontites_luteusOrthilia_secunda,111771,0,Orthilia secunda,Orthilia_secundaOxalis_acetosella,111859,0,Oxalis acetosella,Oxalis_acetosellaOxalis_fontana,111886,0,Oxalis fontana,Oxalis_fontanaOxyria_digyna,111960,0,Oxyria digyna,Oxyria_digynaOxytropis_campestris,111974,0,Oxytropis campestris,Oxytropis_campestrisOxytropis_fetida,111976,0,Oxytropis fetida,Oxytropis_fetidaOxytropis_helvetica,111981,0,Oxytropis helvetica,Oxytropis_helveticaOxytropis_jacquini,111986,0,Oxytropis jacquini,Oxytropis_jacquiniiOxytropis_lapponica,111987,0,Oxytropis lapponica,Oxytropis_lapponicaOxytropis,195631,0,Oxytropis,OxytropisOxytropis_pilosa,111996,0,Oxytropis pilosa,Oxytropis_pilosaPachypleurum,195660,0,Pachypleurum,PachypleurumPadus_avium,116109,0,Padus avium,Prunus_padusPaeonia_officinalis,112042,0,Paeonia officinalis,Paeonia_officinalisPapaver_alpinum,112276,0,Papaver alpinum,Papaver_alpinumPapaver_aurantiacum,718744,0,Papaver aurantiacum,Papaver_alpinum_var._aurantiacumPapaver_dubium,112303,0,Papaver dubium,Papaver_dubiumParageum_montanum,100208,0,Parageum montanum,Geum_montanumParis_quadrifolia,112421,0,Paris quadrifolia,Paris_quadrifoliaParnassia_palustris,112426,0,Parnassia palustris,Parnassia_palustrisParonychia_kapela,112447,0,Paronychia kapela,Paronychia_kapelaParonychia_polygonifolia,112453,0,Paronychia polygonifolia,Paronychia_polygonifoliaPastinaca_sativa,112550,0,Pastinaca sativa,Pastinaca_sativaPatzkea_paniculata,717369,0,Patzkea paniculata,Patzkea_paniculataPedicularis_comosa,112574,0,Pedicularis comosa,Pedicularis_comosaPedicularis_foliosa,112577,0,Pedicularis foliosa,Pedicularis_foliosaPedicularis_gyroflexa,112579,0,Pedicularis gyroflexa,Pedicularis_gyroflexaPedicularis_kerneri,112584,0,Pedicularis kerneri,Pedicularis_kerneriPedicularis,195895,0,Pedicularis,PedicularisPedicularis_rostratospicata,155066,0,Pedicularis rostratospicata,Pedicularis_rostratospicata_subsp._helveticaPedicularis_tuberosa,112602,0,Pedicularis tuberosa,Pedicularis_tuberosaPedicularis_verticillata,112604,0,Pedicularis verticillata,Pedicularis_verticillataPersicaria_amphibia,112727,0,Persicaria amphibia,Persicaria_amphibiaPersicaria_lapathifolia,112741,0,Persicaria lapathifolia,Persicaria_lapathifoliaPersicaria_maculosa,112745,0,Persicaria maculosa,Persicaria_maculosaPersicaria_mitis,112747,0,Persicaria mitis,Persicaria_mitisPetasites_albus,112778,0,Petasites albus,Petasites_albusPetasites_hybridus,112783,0,Petasites hybridus,Petasites_hybridusPetasites_paradoxus,112788,0,Petasites paradoxus,Petasites_paradoxusPetrorhagia_prolifera,112808,0,Petrorhagia prolifera,Petrorhagia_proliferaPetrorhagia_saxifraga,112809,0,Petrorhagia saxifraga,Petrorhagia_saxifragaPhaca_hypoglottis,0,0,Phaca hypoglottis,Phegopteris_connectilis,113079,0,Phegopteris connectilis,Phegopteris_connectilisPhleum_alpinum,113175,0,Phleum alpinum,Phleum_alpinumPhleum_phleoides,113219,0,Phleum phleoides,Phleum_phleoidesPhleum_pratense,113221,0,Phleum pratense,Phleum_pratensePhragmites_australis,113260,0,Phragmites australis,Phragmites_australisPhyteuma_michelii,113386,0,Phyteuma michelii,Phyteuma_micheliiPhyteuma_ovatum,113392,0,Phyteuma ovatum,Phyteuma_ovatumPhyteuma_scheuchzeri,113402,0,Phyteuma scheuchzeri,Phyteuma_scheuchzeriPhyteuma_scorzonerifolium,113403,0,Phyteuma scorzonerifolium,Phyteuma_scorzonerifoliumPhyteuma_spicatum,113407,0,Phyteuma spicatum,Phyteuma_spicatumPicea_abies,113432,0,Picea abies,Picea_abiesPicris_hieracioides,113474,0,Picris hieracioides,Picris_hieracioidesPilosella_peleteriana,113527,0,Pilosella peleteriana,Pilosella_peleterianaPimpinella_major,113579,0,Pimpinella major,Pimpinella_majorPimpinella_saxifraga,113596,0,Pimpinella saxifraga,Pimpinella_saxifragaPinguicula_alpina,113609,0,Pinguicula alpina,Pinguicula_alpinaPinguicula_vulgaris,113639,0,Pinguicula vulgaris,Pinguicula_vulgarisPinus_mugo,113682,0,Pinus mugo,Pinus_mugoPinus_nigra,113683,0,Pinus nigra,Pinus_nigraPinus_sylvestris,113703,0,Pinus sylvestris,Pinus_sylvestrisPisum_heterophyllum,105199,0,Pisum heterophyllum,Lathyrus_heterophyllusPlantago_atrata,113815,0,Plantago atrata,Plantago_atrataPlantago_holosteum,113874,0,Plantago holosteum,Plantago_holosteumPlantago_lanceolata,113893,0,Plantago lanceolata,Plantago_lanceolataPlantago_major,113904,0,Plantago major,Plantago_majorPlantago_maritima,113905,0,Plantago maritima,Plantago_maritimaPlantago_media,113906,0,Plantago media,Plantago_mediaPlantago_neumannii,0,0,Plantago neumannii,Plantago_sempervirens,113957,0,Plantago sempervirens,Plantago_sempervirensPlatanthera_chlorantha,114012,0,Platanthera chlorantha,Platanthera_chloranthaPleisolirion_liliastrum,112391,0,Pleisolirion liliastrum,Paradisea_liliastrumPleurospermum_austriacum,114062,0,Pleurospermum austriacum,Pleurospermum_austriacumPoa_alpina,114136,0,Poa alpina,Poa_bulbosaPoa_annua,114114,0,Poa annua,Poa_annuaPoa_badensis,114124,0,Poa badensis,Poa_badensisPoa_bulbosa,114136,0,Poa bulbosa,Poa_bulbosaPoa_cenisia,114151,0,Poa cenisia,Poa_cenisiaPoa_chaixii,114153,0,Poa chaixii,Poa_chaixiiPoa_glauca,149728,0,Poa glauca,Poa_nemoralis_var._glaucaPoa_laxa,114262,0,Poa laxa,Poa_laxaPoa_nemoralis,114297,0,Poa nemoralis,Poa_nemoralisPoa_perconcinna,114321,0,Poa perconcinna,Poa_perconcinnaPoa_pratensis,114332,0,Poa pratensis,Poa_pratensisPoa_supina,114398,0,Poa supina,Poa_supinaPoa_trivialis,114416,0,Poa trivialis,Poa_trivialisPolichia_galeobdolon,104876,0,Polichia galeobdolon,Lamium_galeobdolonPolycnemum_majus,114520,0,Polycnemum majus,Polycnemum_majusPolygala_alpestris,114522,0,Polygala alpestris,Polygala_alpestrisPolygala_alpina,114523,0,Polygala alpina,Polygala_alpinaPolygala_amarella,114526,0,Polygala amarella,Polygala_amarellaPolygala_calcarea,114539,0,Polygala calcarea,Polygala_calcareaPolygala_chamaebuxus,114542,0,Polygala chamaebuxus,Polygala_chamaebuxusPolygala_comosa,114545,0,Polygala comosa,Polygala_comosaPolygala_vulgaris,114595,0,Polygala vulgaris,Polygala_vulgarisPolygonatum_odoratum,114612,0,Polygonatum odoratum,Polygonatum_odoratumPolygonatum_verticillatum,114616,0,Polygonatum verticillatum,Polygonatum_verticillatumPolygonum_alpinum,717718,0,Polygonum alpinum,Aconogonum_alpinumPolygonum_aviculare,114658,0,Polygonum aviculare,Polygonum_avicularePolygonum_viviparum,86082,0,Polygonum viviparum,Bistorta_viviparaPolypodium_interjectum,114972,0,Polypodium interjectum,Polypodium_interjectumPolypodium_vulgare,115016,0,Polypodium vulgare,Polypodium_vulgarePolystichum_aculeatum,115076,0,Polystichum aculeatum,Polystichum_setiferumPolystichum_lonchitis,115061,0,Polystichum lonchitis,Polystichum_lonchitisPopulus_alba,115110,0,Populus alba,Populus_albaPopulus_nigra,115145,0,Populus nigra,Populus_nigraPopulus_tremula,115156,0,Populus tremula,Populus_tremulaPorrum_sphaerocephaluon,0,0,Porrum sphaerocephaluon,Potamogeton_alpinus,115228,0,Potamogeton alpinus,Potamogeton_alpinusPotentilla_argentea,115407,0,Potentilla argentea,Potentilla_argenteaPotentilla_aurea,115414,0,Potentilla aurea,Potentilla_aureaPotentilla_caulescens,115431,0,Potentilla caulescens,Potentilla_caulescensPotentilla_chrysantha,115678,0,Potentilla chrysantha,Potentilla_thuringiacaPotentilla_cinerea,115437,0,Potentilla cinerea,Potentilla_cinereaPotentilla_crantzii,115449,0,Potentilla crantzii,Potentilla_crantziiPotentilla_erecta,115470,0,Potentilla erecta,Potentilla_erectaPotentilla_frigida,115486,0,Potentilla frigida,Potentilla_frigidaPotentilla_grandiflora,115498,0,Potentilla grandiflora,Potentilla_grandifloraPotentilla_hirta,115515,0,Potentilla hirta,Potentilla_hirtaPotentilla_inclinata,115526,0,Potentilla inclinata,Potentilla_inclinataPotentilla,196618,0,Potentilla,PotentillaPotentilla_neumanniana,115694,0,Potentilla neumanniana,Potentilla_vernaPotentilla_nivalis,115573,0,Potentilla nivalis,Potentilla_nivalisPotentilla_reptans,115624,0,Potentilla reptans,Potentilla_reptansPotentilla_rupestris,95462,0,Potentilla rupestris,Drymocallis_rupestrisPrenanthes_purpurea,115813,0,Prenanthes purpurea,Prenanthes_purpureaPrimula_elatior,115865,0,Primula elatior,Primula_elatiorPrimula_farinosa,139366,0,Primula farinosa,Primula_farinosa_subsp._alpigenaPrimula_hirsuta,115875,0,Primula hirsuta,Primula_hirsutaPrimula_latifolia,115888,0,Primula latifolia,Primula_latifoliaPrimula_pedemontana,115903,0,Primula pedemontana,Primula_pedemontanaPrimula_veris,115918,0,Primula veris,Primula_verisPrimula_vulgaris,115925,0,Primula vulgaris,Primula_vulgarisPrunella_grandiflora,115993,0,Prunella grandiflora,Prunella_grandifloraPrunella_laciniata,115998,0,Prunella laciniata,Prunella_laciniataPrunella_vulgaris,116012,0,Prunella vulgaris,Prunella_vulgarisPrunus_domestica,116067,0,Prunus domestica,Prunus_domesticaPrunus_mahaleb,116096,0,Prunus mahaleb,Prunus_mahalebPrunus_spinosa,116142,0,Prunus spinosa,Prunus_spinosaPseudorchis_albida,116206,0,Pseudorchis albida,Pseudorchis_albidaPseudoturritis_turrita,717438,0,Pseudoturritis turrita,Pseudoturritis_turritaPtarmica_macrophylla,79905,0,Ptarmica macrophylla,Achillea_macrophyllaPtarmica_nana,79913,0,Ptarmica nana,Achillea_nanaPteridium_aquilinum,116265,0,Pteridium aquilinum,Pteridium_aquilinumPteroselinum_austriacum,116297,0,Pteroselinum austriacum,Pteroselinum_austriacumPtychotis_saxifraga,116339,0,Ptychotis saxifraga,Ptychotis_saxifragaPulmonaria_angustifolia,116411,0,Pulmonaria angustifolia,Pulmonaria_angustifoliaPulmonaria_longifolia,116416,0,Pulmonaria longifolia,Pulmonaria_longifoliaPulmonaria_montana,116419,0,Pulmonaria montana,Pulmonaria_montanaPulmonaria_saccharata,116426,0,Pulmonaria saccharata,Pulmonaria_saccharataPulsatilla_alpina,82596,0,Pulsatilla alpina,Anemone_alpinaPulsatilla_halleri,82619,0,Pulsatilla halleri,Anemone_halleriPulsatilla_montana,82632,0,Pulsatilla montana,Anemone_montanaPulsatilla_vernalis,82671,0,Pulsatilla vernalis,Anemone_vernalisPyrola_chlorantha,116531,0,Pyrola chlorantha,Pyrola_chloranthaPyrola_media,116542,0,Pyrola media,Pyrola_mediaPyrola_minor,116543,0,Pyrola minor,Pyrola_minorPyrola_rotundifolia,116547,0,Pyrola rotundifolia,Pyrola_rotundifoliaPyrus_pyraster,139545,0,Pyrus pyraster,Pyrus_communis_subsp._pyrasterPythius_dulcis,0,0,Pythius dulcis,Quercus_petraea,116744,0,Quercus petraea,Quercus_petraeaQuercus_pubescens,116754,0,Quercus pubescens,Quercus_pyrenaicaQuercus_robur,116759,0,Quercus robur,Quercus_roburRanunculus_aconitifolius,116902,0,Ranunculus aconitifolius,Ranunculus_aconitifoliusRanunculus_acris,116903,0,Ranunculus acris,Ranunculus_acrisRanunculus_aduncus,116907,0,Ranunculus aduncus,Ranunculus_aduncusRanunculus_arvensis,116932,0,Ranunculus arvensis,Ranunculus_arvensisRanunculus_auricomus,116936,0,Ranunculus auricomus,Ranunculus_auricomusRanunculus_bulbosus,116952,0,Ranunculus bulbosus,Ranunculus_bulbosusRanunculus_glacialis,117043,0,Ranunculus glacialis,Ranunculus_glacialisRanunculus_gramineus,117049,0,Ranunculus gramineus,Ranunculus_gramineusRanunculus_grenierianus,117054,0,Ranunculus grenierianus,Ranunculus_grenierianusRanunculus_kuepferi,117081,0,Ranunculus kuepferi,Ranunculus_kuepferiRanunculus_lanuginosus,139608,0,Ranunculus lanuginosus,Ranunculus_acris_subsp._friesianusRanunculus_montanus,117125,0,Ranunculus montanus,Ranunculus_montanusRanunculus_parnassifolius,117155,0,Ranunculus parnassifolius,Ranunculus_parnassifoliusRanunculus_platanifolius,117174,0,Ranunculus platanifolius,Ranunculus_platanifoliusRanunculus_polyanthemos,117177,0,Ranunculus polyanthemos,Ranunculus_polyanthemosRanunculus_pyrenaeus,117047,0,Ranunculus pyrenaeus,Ranunculus_gouaniiRanunculus_repens,117201,0,Ranunculus repens,Ranunculus_repensRanunculus_seguieri,117228,0,Ranunculus seguieri,Ranunculus_seguieriRanunculus_trichophyllus,117255,0,Ranunculus trichophyllus,Ranunculus_trichophyllusRanunculus_tuberosus,117262,0,Ranunculus tuberosus,Ranunculus_tuberosusRapunculus_hemisphaericus,113381,0,Rapunculus hemisphaericus,Phyteuma_hemisphaericumRapunculus_orbicularis,138764,0,Rapunculus orbicularis,Phyteuma_orbiculare_subsp._orbiculareRapunculus_spicatus,113407,0,Rapunculus spicatus,Phyteuma_spicatumReseda_lutea,117458,0,Reseda lutea,Reseda_luteaReseda_phyteuma,117469,0,Reseda phyteuma,Reseda_phyteumaRhamnus_alpina,117528,0,Rhamnus alpina,Rhamnus_alpinaRhamnus_cathartica,117530,0,Rhamnus cathartica,Rhamnus_catharticaRhamnus_pumila,117548,0,Rhamnus pumila,Rhamnus_pumilaRhamnus_saxatilis,117551,0,Rhamnus saxatilis,Rhamnus_saxatilisRhaponticum,197122,0,Rhaponticum,RhaponticumRhinanthus_alectorolophus,117587,0,Rhinanthus alectorolophus,Rhinanthus_alectorolophusRhinanthus_glacialis,117601,0,Rhinanthus glacialis,Rhinanthus_glacialisRhinanthus_minor,117616,0,Rhinanthus minor,Rhinanthus_minorRhinanthus,197131,0,Rhinanthus,RhinanthusRhododendron_ferrugineum,117679,0,Rhododendron ferrugineum,Rhododendron_ferrugineumRhynchopera_paniculata,0,0,Rhynchopera paniculata,Ribes_alpinum,117748,0,Ribes alpinum,Ribes_alpinumRibes_carpaticum,117771,0,Ribes carpaticum,Ribes_petraeumRibes_uva_crispa,117787,0,Ribes uva crispa,Ribes_uva-crispaRorippa_amphibia,117933,0,Rorippa amphibia,Rorippa_amphibiaRorippa_islandica,117944,0,Rorippa islandica,Rorippa_palustrisRorippa,197263,0,Rorippa,RorippaRorippa_sylvestris,117951,0,Rorippa sylvestris,Rorippa_sylvestrisRosa_agrestis,117986,0,Rosa agrestis,Rosa_agrestisRosa_caesia,118064,0,Rosa caesia,Rosa_caesiaRosa_canina,118073,0,Rosa canina,Rosa_caninaRosa_dumalis,118064,0,Rosa dumalis,Rosa_caesiaRosa_elliptica,118158,0,Rosa elliptica,Rosa_ellipticaRosa_ferruginea,118173,0,Rosa ferruginea,Rosa_ferrugineaRosa_micrantha,118329,0,Rosa micrantha,Rosa_micranthaRosa_montana,118343,0,Rosa montana,Rosa_montanaRosa,197264,0,Rosa,RosaRosa_pendulina,118397,0,Rosa pendulina,Rosa_pendulinaRosa_rubiginosa,118474,0,Rosa rubiginosa,Rosa_rubiginosaRosa_spinosissima,118521,0,Rosa spinosissima,Rosa_spinosissimaRosa_villosa,118339,0,Rosa villosa,Rosa_mollisRubus_caesius,118993,0,Rubus caesius,Rubus_caesiusRubus_fruticosus,119097,0,Rubus fruticosus,Rubus_fruticosusRubus_gremlii,119120,0,Rubus gremlii,Rubus_gremliiRubus_idaeus,119149,0,Rubus idaeus,Rubus_idaeusRubus_pruinosus,611499,0,Rubus pruinosus,Rubus_pruinosusRubus_saxatilis,119318,0,Rubus saxatilis,Rubus_saxatilisRubus_tomentosus,119003,0,Rubus tomentosus,Rubus_canescensRubus_ulmifolius,119373,0,Rubus ulmifolius,Rubus_ulmifoliusRumex_acetosa,119418,0,Rumex acetosa,Rumex_acetosaRumex_acetosella,119419,0,Rumex acetosella,Rumex_acetosellaRumex_alpestris,119450,0,Rumex alpestris,Rumex_arifoliusRumex_alpinus,119435,0,Rumex alpinus,Rumex_alpinusRumex_crispus,119473,0,Rumex crispus,Rumex_crispusRumex_obtusifolius,119550,0,Rumex obtusifolius,Rumex_obtusifoliusRumex_scutatus,119587,0,Rumex scutatus,Rumex_scutatusRuyschiana_austriaca,0,0,Ruyschiana austriaca,Sagina_glabra,119798,0,Sagina glabra,Sagina_glabraSagina_procumbens,119818,0,Sagina procumbens,Sagina_procumbensSagina_saginoides,119827,0,Sagina saginoides,Sagina_saginoidesSalix_alba,119915,0,Salix alba,Salix_albaSalix_appendiculata,119933,0,Salix appendiculata,Salix_appendiculataSalix_aurita,119952,0,Salix aurita,Salix_auritaSalix_breviserrata,119968,0,Salix breviserrata,Salix_breviserrataSalix_caprea,119977,0,Salix caprea,Salix_capreaSalix_cinerea,119991,0,Salix cinerea,Salix_cinereaSalix_daphnoides,120009,0,Salix daphnoides,Salix_daphnoidesSalix_eleagnos,120029,0,Salix eleagnos,Salix_eleagnosSalix_foetida,120037,0,Salix foetida,Salix_foetidaSalix_glaucosericea,120048,0,Salix glaucosericea,Salix_glaucosericeaSalix_hastata,120052,0,Salix hastata,Salix_hastataSalix_herbacea,120057,0,Salix herbacea,Salix_herbaceaSalix_laggeri,120085,0,Salix laggeri,Salix_laggeriSalix_myrsinifolia,120135,0,Salix myrsinifolia,Salix_myrsinifoliaSalix,197334,0,Salix,SalixSalix_pentandra,120163,0,Salix pentandra,Salix_pentandraSalix_purpurea,120189,0,Salix purpurea,Salix_purpureaSalix_repens,120192,0,Salix repens,Salix_repensSalix_reticulata,120193,0,Salix reticulata,Salix_reticulataSalix_retusa,120195,0,Salix retusa,Salix_retusaSalix_serpyllifolia,120219,0,Salix serpyllifolia,Salix_serpyllifoliaSalix_triandra,120246,0,Salix triandra,Salix_triandraSalvia_nubicola,120643,0,Salvia nubicola,Salvia_glutinosaSalvia_pratensis,120685,0,Salvia pratensis,Salvia_pratensisSambucus_ebulus,120712,0,Sambucus ebulus,Sambucus_ebulusSambucus_nigra,120717,0,Sambucus nigra,Sambucus_nigraSambucus_racemosa,120720,0,Sambucus racemosa,Sambucus_racemosaSanguisorba_minor,115789,0,Sanguisorba minor,Poterium_sanguisorbaSanguisorba_officinalis,120758,0,Sanguisorba officinalis,Sanguisorba_officinalisSanicula_europaea,120772,0,Sanicula europaea,Sanicula_europaeaSaponaria_ocymoides,120823,0,Saponaria ocymoides,Saponaria_ocymoidesSaponaria_officinalis,120824,0,Saponaria officinalis,Saponaria_officinalisSatureja_montana,120908,0,Satureja montana,Satureja_montanaSatyrium_bifolium,114011,0,Satyrium bifolium,Platanthera_bifoliaSaussurea_alpina,120949,0,Saussurea alpina,Saussurea_alpinaSaussurea_discolor,120951,0,Saussurea discolor,Saussurea_discolorSaxifraga_aizoides,120965,0,Saxifraga aizoides,Saxifraga_aizoidesSaxifraga_androsacea,120973,0,Saxifraga androsacea,Saxifraga_androsaceaSaxifraga_aspera,120978,0,Saxifraga aspera,Saxifraga_asperaSaxifraga_biflora,120987,0,Saxifraga biflora,Saxifraga_bifloraSaxifraga_bryoides,120988,0,Saxifraga bryoides,Saxifraga_bryoidesSaxifraga_cuneifolia,121028,0,Saxifraga cuneifolia,Saxifraga_cuneataSaxifraga_exarata,121047,0,Saxifraga exarata,Saxifraga_exarataSaxifraga_granulata,121065,0,Saxifraga granulata,Saxifraga_granulataSaxifraga_moschata,121115,0,Saxifraga moschata,Saxifraga_moschataSaxifraga_oppositifolia,121132,0,Saxifraga oppositifolia,Saxifraga_oppositifoliaSaxifraga_paniculata,121055,0,Saxifraga paniculata,Saxifraga_fragilisSaxifraga_retusa,121174,0,Saxifraga retusa,Saxifraga_retusaSaxifraga_rotundifolia,121177,0,Saxifraga rotundifolia,Saxifraga_rotundifoliaScabiosa_columbaria,121334,0,Scabiosa columbaria,Scabiosa_columbariaScabiosa_lucida,121367,0,Scabiosa lucida,Scabiosa_lucidaScabiosa_triandra,121414,0,Scabiosa triandra,Scabiosa_triandraSchoenus_nigricans,121581,0,Schoenus nigricans,Schoenus_nigricansScirpus_sylvaticus,121792,0,Scirpus sylvaticus,Scirpus_sylvaticusScleranthus_annuus,121823,0,Scleranthus annuus,Scleranthus_annuusScleranthus_perennis,121839,0,Scleranthus perennis,Scleranthus_perennisScorzonera_austriaca,121939,0,Scorzonera austriaca,Scorzonera_austriacaScorzonera_hispanica,121959,0,Scorzonera hispanica,Scorzonera_hispanicaScorzoneroides_autumnalis,121988,0,Scorzoneroides autumnalis,Scorzoneroides_autumnalisScrophularia_canina,122003,0,Scrophularia canina,Scrophularia_caninaScrophularia_lucida,122019,0,Scrophularia lucida,Scrophularia_lucidaScrophularia_nodosa,122028,0,Scrophularia nodosa,Scrophularia_nodosaScrophularia_peregrina,122032,0,Scrophularia peregrina,Scrophularia_peregrinaSecurigera_varia,92546,0,Securigera varia,Coronilla_variaSedella_atrata,0,0,Sedella atrata,Sedum_acre,122101,0,Sedum acre,Sedum_acreSedum_album,122106,0,Sedum album,Sedum_albumSedum_alpestre,122107,0,Sedum alpestre,Sedum_alpestreSedum_anacampseros,103155,0,Sedum anacampseros,Hylotelephium_anacampserosSedum_annuum,122116,0,Sedum annuum,Sedum_annuumSedum_anopetalum,122218,0,Sedum anopetalum,Sedum_ochroleucumSedum_dasyphyllum,122150,0,Sedum dasyphyllum,Sedum_dasyphyllumSedum_maximum,103159,0,Sedum maximum,Hylotelephium_maximumSedum,197563,0,Sedum,SedumSedum_ochroleucum,122218,0,Sedum ochroleucum,Sedum_ochroleucumSedum_rupestre,122246,0,Sedum rupestre,Sedum_rupestreSedum_sediforme,122254,0,Sedum sediforme,Sedum_sediformeSedum_sexangulare,122256,0,Sedum sexangulare,Sedum_sexangulareSelaginella_selaginoides,122308,0,Selaginella selaginoides,Selaginella_selaginoidesSempervivum_arachnoideum,122419,0,Sempervivum arachnoideum,Sempervivum_arachnoideumSempervivum_montanum,122467,0,Sempervivum montanum,Sempervivum_montanumSempervivum,197584,0,Sempervivum,SempervivumSempervivum_tectorum,122493,0,Sempervivum tectorum,Sempervivum_tectorumSenecio_doria,122592,0,Senecio doria,Senecio_doriaSenecio_doronicum,122593,0,Senecio doronicum,Senecio_doronicumSenecio_erucifolius,103991,0,Senecio erucifolius,Jacobaea_erucifoliaSenecio_incanus,610647,0,Senecio incanus,Jacobaea_leucophyllaSenecio_ovatus,122675,0,Senecio ovatus,Senecio_ovatusSenecio_squalidus,122723,0,Senecio squalidus,Senecio_squalidusSenecio_viscosus,122744,0,Senecio viscosus,Senecio_viscosusSerratula_tinctoria,122971,0,Serratula tinctoria,Serratula_tinctoriaSeseli_annuum,122998,0,Seseli annuum,Seseli_annuumSesleria_caerulea,123071,0,Sesleria caerulea,Sesleria_caeruleaSetaria_viridis,718292,0,Setaria viridis,Setaria_italica_subsp._viridisSibbaldia_procumbens,123176,0,Sibbaldia procumbens,Sibbaldia_procumbensSilaum_silaus,123367,0,Silaum silaus,Silaum_silausSilene_acaulis,123374,0,Silene acaulis,Silene_acaulisSilene_armeria,85017,0,Silene armeria,Atocion_armeriaSilene_dioica,123471,0,Silene dioica,Silene_dioicaSilene_flos_cuculi,106918,0,Silene flos cuculi,Lychnis_flos-cuculiSilene_flos_jovis,106919,0,Silene flos jovis,Lychnis_flos-jovisSilene_italica,123512,0,Silene italica,Silene_italicaSilene_latifolia,141214,0,Silene latifolia,Silene_vulgaris_subsp._vulgarisSilene_nutans,123568,0,Silene nutans,Silene_nutansSilene_otites,123577,0,Silene otites,Silene_otitesSilene_saxifraga,123628,0,Silene saxifraga,Silene_saxifragaSilene_vallesia,123669,0,Silene vallesia,Silene_vallesiaSilene_vulgaris,123683,0,Silene vulgaris,Silene_vulgarisSinapis_alba,123711,0,Sinapis alba,Sinapis_albaSinapis_arvensis,123713,0,Sinapis arvensis,Sinapis_arvensisSisymbrium_austriacum,123804,0,Sisymbrium austriacum,Sisymbrium_austriacumSolanum_dulcamara,124034,0,Solanum dulcamara,Solanum_dulcamaraSoldanella_alpina,124139,0,Soldanella alpina,Soldanella_alpinaSolidago_gigantea,124168,0,Solidago gigantea,Solidago_giganteaSolidago_virgaurea,124205,0,Solidago virgaurea,Solidago_virgaureaSonchus_arvensis,124232,0,Sonchus arvensis,Sonchus_arvensisSonchus_oleraceus,124261,0,Sonchus oleraceus,Sonchus_oleraceusSorbus_aria,124306,0,Sorbus aria,Sorbus_ariaSorbus_aucuparia,124308,0,Sorbus aucuparia,Sorbus_aucupariaSorbus_chamaemespilus,124314,0,Sorbus chamaemespilus,Sorbus_chamaemespilusSorbus_mougeotii,124329,0,Sorbus mougeotii,Sorbus_mougeotiiSorbus,197762,0,Sorbus,SorbusSparganium_angustifolium,124405,0,Sparganium angustifolium,Sparganium_angustifoliumSparganium_emersum,124407,0,Sparganium emersum,Sparganium_emersumSparganium_erectum,124408,0,Sparganium erectum,Sparganium_erectumSpiesia_halleri,0,0,Spiesia halleri,Stachys_annua,124741,0,Stachys annua,Stachys_annuaStachys_pradica,85839,0,Stachys pradica,Betonica_hirsutaStachys_recta,124805,0,Stachys recta,Stachys_rectaStachys_sylvatica,124814,0,Stachys sylvatica,Stachys_sylvaticaStaehelina_dubia,124842,0,Staehelina dubia,Staehelina_dubiaStellaria_alsine,124967,0,Stellaria alsine,Stellaria_alsineStellaria_graminea,125000,0,Stellaria graminea,Stellaria_gramineaStellaria_holostea,125006,0,Stellaria holostea,Stellaria_holosteaStellaria_media,125014,0,Stellaria media,Stellaria_mediaStellaria_nemorum,125021,0,Stellaria nemorum,Stellaria_nemorumStipa_capillata,125135,0,Stipa capillata,Stipa_capillataStipa_eriocaulis,125142,0,Stipa eriocaulis,Stipa_eriocaulisStipa_pennata,125173,0,Stipa pennata,Stipa_pennataStreptopus_amplexifolius,125226,0,Streptopus amplexifolius,Streptopus_amplexifoliusStrobus_cembra,0,0,Strobus cembra,Succisa_pratensis,125295,0,Succisa pratensis,Succisa_pratensisSwertia_perennis,125319,0,Swertia perennis,Swertia_perennisSymphyotrichum_novi_belgii,448412,0,Symphyotrichum novi belgii,Symphyotrichum_novi-belgiiSymphytum_officinale,125355,0,Symphytum officinale,Symphytum_officinaleSymphytum_tuberosum,125364,0,Symphytum tuberosum,Symphytum_tuberosumSynema_perenne,108361,0,Synema perenne,Mercurialis_perennisTanacetum_corymbosum,125460,0,Tanacetum corymbosum,Tanacetum_corymbosumTaraxacum_alpinum,125493,0,Taraxacum alpinum,Taraxacum_alpinumTaraxacum_dissectum,125574,0,Taraxacum dissectum,Taraxacum_dissectumTaraxacum_erythrospermum,125585,0,Taraxacum erythrospermum,Taraxacum_erythrospermumTaraxacum_fulvum,125602,0,Taraxacum fulvum,Taraxacum_fulvumTaraxacum_lapponicum,0,0,Taraxacum lapponicum,Taraxacum_montanum,0,0,Taraxacum montanum,Taraxacum,198226,0,Taraxacum,TaraxacumTaraxacum_officinale,717630,0,Taraxacum officinale,Taraxacum_officinaleTaraxacum_rubicundum,125736,0,Taraxacum rubicundum,Taraxacum_rubicundumTaraxacum_sellandii,125750,0,Taraxacum sellandii,Taraxacum_sellandiiTaxus_baccata,125816,0,Taxus baccata,Taxus_baccataTelephium_imperati,125842,0,Telephium imperati,Telephium_imperatiTetragonolobus_maritimus,106685,0,Tetragonolobus maritimus,Lotus_maritimusTeucrium_chamaedrys,125981,0,Teucrium chamaedrys,Teucrium_chamaedrysTeucrium_scordium,126034,0,Teucrium scordium,Teucrium_scordiumTeucrium_scorodonia,126035,0,Teucrium scorodonia,Teucrium_scorodoniaThalictrum_aquilegiifolium,126078,0,Thalictrum aquilegiifolium,Thalictrum_aquilegiifoliumThalictrum_foetidum,126127,0,Thalictrum foetidum,Thalictrum_foetidumThalictrum_minus,126159,0,Thalictrum minus,Thalictrum_minusThalictrum_simplex,126213,0,Thalictrum simplex,Thalictrum_simplexThelycrania_sanguinea,92501,0,Thelycrania sanguinea,Cornus_sanguineaThesium_alpinum,126287,0,Thesium alpinum,Thesium_alpinumThesium_humifusum,126298,0,Thesium humifusum,Thesium_humifusumThesium_linophyllon,126305,0,Thesium linophyllon,Thesium_linophyllonThlaspi_arvense,126332,0,Thlaspi arvense,Thlaspi_arvenseThymus_oenipontanus,126555,0,Thymus oenipontanus,Thymus_oenipontanusThymus_praecox,126564,0,Thymus praecox,Thymus_praecoxThymus_pulegioides,126566,0,Thymus pulegioides,Thymus_pulegioidesThymus_serpyllum,126573,0,Thymus serpyllum,Thymus_serpyllumThymus_striatus,0,0,Thymus striatus,Tilia_cordata,126628,0,Tilia cordata,Tilia_cordataTilia_platyphyllos,126650,0,Tilia platyphyllos,Tilia_platyphyllosTofieldia_calyculata,126798,0,Tofieldia calyculata,Tofieldia_calyculataTolpis_staticifolia,126821,0,Tolpis staticifolia,Tolpis_staticifoliaTorilis_japonica,126859,0,Torilis japonica,Torilis_japonicaTozzia_alpina,126925,0,Tozzia alpina,Tozzia_alpinaTragopogon_crocifolius,127002,0,Tragopogon crocifolius,Tragopogon_crocifoliusTragopogon_dubius,127005,0,Tragopogon dubius,Tragopogon_dubiusTragopogon_porrifolius,127028,0,Tragopogon porrifolius,Tragopogon_porrifoliusTragopogon_pratensis,127029,0,Tragopogon pratensis,Tragopogon_pratensisTrasus_tomentosus,88916,0,Trasus tomentosus,Carex_tomentosaTrichophorum_alpinum,127191,0,Trichophorum alpinum,Trichophorum_alpinumTrichophorum_cespitosum,127193,0,Trichophorum cespitosum,Trichophorum_cespitosumTrifolium_alpestre,127216,0,Trifolium alpestre,Trifolium_alpestreTrifolium_alpinum,127219,0,Trifolium alpinum,Trifolium_alpinumTrifolium_arvense,127230,0,Trifolium arvense,Trifolium_arvenseTrifolium_aureum,127233,0,Trifolium aureum,Trifolium_aureumTrifolium_badium,127233,0,Trifolium badium,Trifolium_aureumTrifolium_campestre,127233,0,Trifolium campestre,Trifolium_aureumTrifolium_diffusum,127291,0,Trifolium diffusum,Trifolium_diffusumTrifolium_medium,127382,0,Trifolium medium,Trifolium_mediumTrifolium_ochroleucon,127412,0,Trifolium ochroleucon,Trifolium_ochroleuconTrifolium_pallescens,127222,0,Trifolium pallescens,Trifolium_angulatumTrifolium_pratense,127439,0,Trifolium pratense,Trifolium_pratenseTrifolium_repens,127454,0,Trifolium repens,Trifolium_repensTrifolium_rubens,127463,0,Trifolium rubens,Trifolium_rubensTrifolium_saxatile,127469,0,Trifolium saxatile,Trifolium_saxatileTrifolium_spadiceum,127429,0,Trifolium spadiceum,Trifolium_patensTrifolium_thalii,127503,0,Trifolium thalii,Trifolium_thaliiTriglochin_palustre,127547,0,Triglochin palustre,Triglochin_palustrisTrigonella_monspeliaca,107662,0,Trigonella monspeliaca,Medicago_monspeliacaTrimorpha_alpina,96736,0,Trimorpha alpina,Erigeron_alpinusTrimorpha_attica,96742,0,Trimorpha attica,Erigeron_atticusTrinia_glauca,127595,0,Trinia glauca,Trinia_glaucaTrisetaria_distichophylla,0,0,Trisetaria distichophylla,Trisetum_flavescens,127660,0,Trisetum flavescens,Trisetum_flavescensTrisetum_spicatum,141953,0,Trisetum spicatum,Trisetum_spicatum_subsp._ovatipaniculatumTriticum_aestivum,127692,0,Triticum aestivum,Triticum_aestivumTriticum_durum,141978,0,Triticum durum,Triticum_turgidum_subsp._durumTrollius_europaeus,127872,0,Trollius europaeus,Trollius_europaeusTulipa_sylvestris,127966,0,Tulipa sylvestris,Tulipa_sylvestrisTurritis_glabra,128012,0,Turritis glabra,Turritis_glabraTussilago_farfara,128042,0,Tussilago farfara,Tussilago_farfaraTypha_latifolia,128077,0,Typha latifolia,Typha_latifoliaUlmus_glabra,128175,0,Ulmus glabra,Ulmus_minorUlmus_minor,128175,0,Ulmus minor,Ulmus_minorUrtica_dioica,128268,0,Urtica dioica,Urtica_dioicaVaccinium_myrtillus,128345,0,Vaccinium myrtillus,Vaccinium_myrtillusVaccinium_uliginosum,128354,0,Vaccinium uliginosum,Vaccinium_uliginosumVaccinium_vitis_idaea,128355,0,Vaccinium vitis idaea,Vaccinium_vitis-idaeaValeriana_dioica,128394,0,Valeriana dioica,Valeriana_dioicaValeriana_montana,128416,0,Valeriana montana,Valeriana_montanaValeriana_officinalis,128419,0,Valeriana officinalis,Valeriana_officinalisValeriana_saliunca,128434,0,Valeriana saliunca,Valeriana_saliuncaValeriana_tripteris,128445,0,Valeriana tripteris,Valeriana_tripterisValeriana_tuberosa,128446,0,Valeriana tuberosa,Valeriana_tuberosaValerianella_dentata,128467,0,Valerianella dentata,Valerianella_dentataValerianella_locusta,128476,0,Valerianella locusta,Valerianella_locustaVeratrum_album,128520,0,Veratrum album,Veratrum_albumVerbascum_chaixii,128555,0,Verbascum chaixii,Verbascum_chaixiiVerbascum_lychnitis,128602,0,Verbascum lychnitis,Verbascum_lychnitisVerbascum_nigrum,128615,0,Verbascum nigrum,Verbascum_nigrumVerbascum_pulverulentum,128633,0,Verbascum pulverulentum,Verbascum_pulverulentumVerbascum_thapsus,128660,0,Verbascum thapsus,Verbascum_thapsusVerbena_officinalis,128754,0,Verbena officinalis,Verbena_officinalisVeronica_agrestis,128786,0,Veronica agrestis,Veronica_agrestisVeronica_allionii,128787,0,Veronica allionii,Veronica_allioniiVeronica_alpina,128789,0,Veronica alpina,Veronica_alpinaVeronica_anagallis_aquatica,128792,0,Veronica anagallis aquatica,Veronica_anagallis-aquaticaVeronica_aphylla,128797,0,Veronica aphylla,Veronica_aphyllaVeronica_arvensis,128801,0,Veronica arvensis,Veronica_arvensisVeronica_austriaca,128803,0,Veronica austriaca,Veronica_austriacaVeronica_beccabunga,128808,0,Veronica beccabunga,Veronica_beccabungaVeronica_bellidioides,128810,0,Veronica bellidioides,Veronica_bellidioidesVeronica_chamaedrys,128832,0,Veronica chamaedrys,Veronica_chamaedrysVeronica_fruticans,128871,0,Veronica fruticans,Veronica_fruticansVeronica_fruticulosa,128872,0,Veronica fruticulosa,Veronica_fruticulosaVeronica_hederifolia,128880,0,Veronica hederifolia,Veronica_hederifoliaVeronica_officinalis,128938,0,Veronica officinalis,Veronica_officinalisVeronica_persica,128956,0,Veronica persica,Veronica_persicaVeronica_serpyllifolia,129003,0,Veronica serpyllifolia,Veronica_serpyllifoliaVeronica_spicata,129007,0,Veronica spicata,Veronica_spicataVeronica_triphyllos,129032,0,Veronica triphyllos,Veronica_triphyllosVeronica_urticifolia,129033,0,Veronica urticifolia,Veronica_urticifoliaVeronica_verna,129034,0,Veronica verna,Veronica_vernaViburnum_lantana,129083,0,Viburnum lantana,Viburnum_lantanaViburnum_opulus,129087,0,Viburnum opulus,Viburnum_opulusVicia_cracca,129147,0,Vicia cracca,Vicia_craccaVicia_hirsuta,129191,0,Vicia hirsuta,Vicia_hirsutaVicia_hybrida,129195,0,Vicia hybrida,Vicia_hybridaVicia_onobrychioides,129260,0,Vicia onobrychioides,Vicia_onobrychioidesVicia_sativa,129298,0,Vicia sativa,Vicia_sativaVicia_sepium,129305,0,Vicia sepium,Vicia_sepiumVicia_sylvatica,788869,0,Vicia sylvatica,Ervilia_sylvaticaVicia_tenuifolia,129322,0,Vicia tenuifolia,Vicia_tenuifoliaVicia_tetrasperma,97128,0,Vicia tetrasperma,Ervum_tetraspermumVinca_minor,129470,0,Vinca minor,Vinca_minorVincetoxicum_hirundinaria,129477,0,Vincetoxicum hirundinaria,Vincetoxicum_hirundinariaViola_biflora,129520,0,Viola biflora,Viola_bifloraViola_calcarata,129527,0,Viola calcarata,Viola_calcarataViola_canina,129529,0,Viola canina,Viola_caninaViola_hirta,129586,0,Viola hirta,Viola_hirtaViola_laricicola,611325,0,Viola laricicola,Viola_laricicolaViola_mirabilis,129623,0,Viola mirabilis,Viola_mirabilisViola,198911,0,Viola,ViolaViola_odorata,129632,0,Viola odorata,Viola_odorataViola_palustris,129639,0,Viola palustris,Viola_palustrisViola_pyrenaica,129663,0,Viola pyrenaica,Viola_pyrenaicaViola_reichenbachiana,129666,0,Viola reichenbachiana,Viola_reichenbachianaViola_riviniana,129669,0,Viola riviniana,Viola_rivinianaViola_rupestris,129674,0,Viola rupestris,Viola_rupestrisViola_suavis,129702,0,Viola suavis,Viola_suavisViola_tricolor,129723,0,Viola tricolor,Viola_tricolorViscum_album,129906,0,Viscum album,Viscum_albumWoodsia_alpina,130124,0,Woodsia alpina,Woodsia_alpinaXeranthemum_inapertum,130520,0,Xeranthemum inapertum,Xeranthemum_inapertumZz_Lichens,9999991,0,Zz Lichens,